Newborn after difficult delivery A7K2M9Q4T1XZ	<img src="SDX-02_STATdx_plain_Scalp_and_Skull_Injuries2.jpg"><br><img src="SDX-03_STATdx_plain_Scalp_and_Skull_Injuries3.jpg">	<div class="stackItem"><img src="SDX-02_STATdx_annotated_Scalp_and_Skull_Injuries2_annot.jpg"><div class="stackCap">Bone CT in a newborn with a traumatic delivery shows a linear skull fracture and a cephalohematoma overlying the parietal bone. Note that the cephalohematoma does not cross the sagittal suture .</div></div><div class="stackItem"><img src="SDX-03_STATdx_annotated_Scalp_and_Skull_Injuries3_annot.jpg"><div class="stackCap">NECT in the same patient shows the cephalohematoma . Note the presence of a small intracranial epidural hematoma .</div></div>	Most likely diagnosis?	Cephalohematoma<br><br>Caption-derived keyword findings:<br>linear skull fracture<br>overlying the parietal bone<br>does not cross the sagittal suture<br>small intracranial epidural hematoma<br><br>Reasoning: A focal neonatal scalp blood collection that does not cross a suture matches a subperiosteal cephalohematoma. The associated linear skull fracture and small intracranial epidural hematoma are source-supported traumatic associations in this same-patient pair.<br><br>Differential:<br>Subgaleal hematoma<br>Scalp laceration<br>Normal suture																<div><b>Scalp and Skull Injuries</b></div><div><b>Source Basis:</b> RadPrimer + STATdx master source for the scalp/skull injury article and image examples. Core Radiology support is limited to the captured cross-checks in core_evidence.txt: pediatric abuse fracture specificity, bone scintigraphy insensitivity for skull fractures, and general CT-versus-MRI trauma-fracture context.</div><div><b>Key distinctions</b><ul><li><b>Cephalohematoma:</b> subperiosteal, focal, and bounded by sutures.</li><li><b>Subgaleal hematoma:</b> under the scalp aponeurosis, extensive, crosses sutures/midline, and can be life-threatening in infants.</li><li><b>Growing skull fracture:</b> progressive widening/unhealing fracture from dural-arachnoid tear and CSF pulsations; CT shows rounded/scalloped lucency and MR can show CSF in the defect.</li><li><b>Fracture morphology:</b> linear, depressed, elevated, and diastatic patterns should be named before searching for complications.</li><li><b>Complications:</b> search for vascular injury, dural/arachnoid laceration with CSF leak, cranial nerve injury, pneumocephalus, EDH/SDH/SAH/contusion, and rare growing skull fracture.</li></ul></div><div><b>Core cross-check</b><ul><li>Isolated linear skull fracture is nonspecific for abuse.</li><li>Complex skull fractures that are depressed, multiple, bilateral, or cross sutures are suspicious for abuse.</li><li>Bone scintigraphy is insensitive for skull fractures.</li><li>CT is preferred for trauma fracture assessment when imaging is indicated; MRI is mainly for selected complications/soft-tissue or ligament questions.</li></ul></div>	
Infant with head swelling after trauma B8L3N7P2Q6RA	<img src="SDX-04_STATdx_plain_Scalp_and_Skull_Injuries4.jpg">	<div class="stackItem"><img src="SDX-04_STATdx_annotated_Scalp_and_Skull_Injuries4_annot.jpg"><div class="stackCap">Axial NECT shows an infant with a large subgaleal hematoma. In contrast to cephalohematoma, this subgaleal hematoma crosses the midline and extends nearly all the way around the entire head. Large subgaleal hematomas in infants can cause life-threatening blood loss.</div></div>	Most likely diagnosis?	Subgaleal hematoma<br><br>Caption-derived keyword findings:<br>large<br>crosses the midline<br>extends nearly all the way around the entire head<br>life-threatening blood loss<br><br>Reasoning: The dominant discriminator is a scalp hematoma that is not confined by sutures: it crosses midline and nearly encircles the head. That anatomic spread places it under the scalp aponeurosis/galea rather than under periosteum.<br><br>Differential:<br>Cephalohematoma<br>Scalp laceration<br>Diffuse scalp edema																<div><b>Scalp and Skull Injuries</b></div><div><b>Source Basis:</b> RadPrimer + STATdx master source for the scalp/skull injury article and image examples. Core Radiology support is limited to the captured cross-checks in core_evidence.txt: pediatric abuse fracture specificity, bone scintigraphy insensitivity for skull fractures, and general CT-versus-MRI trauma-fracture context.</div><div><b>Key distinctions</b><ul><li><b>Cephalohematoma:</b> subperiosteal, focal, and bounded by sutures.</li><li><b>Subgaleal hematoma:</b> under the scalp aponeurosis, extensive, crosses sutures/midline, and can be life-threatening in infants.</li><li><b>Growing skull fracture:</b> progressive widening/unhealing fracture from dural-arachnoid tear and CSF pulsations; CT shows rounded/scalloped lucency and MR can show CSF in the defect.</li><li><b>Fracture morphology:</b> linear, depressed, elevated, and diastatic patterns should be named before searching for complications.</li><li><b>Complications:</b> search for vascular injury, dural/arachnoid laceration with CSF leak, cranial nerve injury, pneumocephalus, EDH/SDH/SAH/contusion, and rare growing skull fracture.</li></ul></div><div><b>Core cross-check</b><ul><li>Isolated linear skull fracture is nonspecific for abuse.</li><li>Complex skull fractures that are depressed, multiple, bilateral, or cross sutures are suspicious for abuse.</li><li>Bone scintigraphy is insensitive for skull fractures.</li><li>CT is preferred for trauma fracture assessment when imaging is indicated; MRI is mainly for selected complications/soft-tissue or ligament questions.</li></ul></div>	
Patient after head trauma C4M8T2Q9L5BV	<img src="SDX-06_STATdx_plain_Scalp_and_Skull_Injuries6.jpg">	<div class="stackItem"><img src="SDX-06_STATdx_annotated_Scalp_and_Skull_Injuries6_annot.jpg"><div class="stackCap">Coronal NECT shows a subgaleal hematoma crossing the midline sagittal suture. Skull base & facial fractures & a left frontal skull fracture are better seen on bone windows. Note the pneumocephalus , indicating a fracture through a paranasal sinus through a paranasal sinus or the calvarium.</div></div>	Most likely diagnosis?	Subgaleal hematoma<br><br>Caption-derived keyword findings:<br>crossing the midline sagittal suture<br>skull base & facial fractures<br>left frontal skull fracture<br>pneumocephalus<br><br>Reasoning: A scalp collection crossing the sagittal suture supports subgaleal location. The accompanying skull base/facial/frontal fractures and pneumocephalus emphasize that subgaleal hematoma in trauma often coexists with skull fractures and fracture-related intracranial air.<br><br>Differential:<br>Cephalohematoma<br>Scalp laceration<br>Subdural hematoma																<div><b>Scalp and Skull Injuries</b></div><div><b>Source Basis:</b> RadPrimer + STATdx master source for the scalp/skull injury article and image examples. Core Radiology support is limited to the captured cross-checks in core_evidence.txt: pediatric abuse fracture specificity, bone scintigraphy insensitivity for skull fractures, and general CT-versus-MRI trauma-fracture context.</div><div><b>Key distinctions</b><ul><li><b>Cephalohematoma:</b> subperiosteal, focal, and bounded by sutures.</li><li><b>Subgaleal hematoma:</b> under the scalp aponeurosis, extensive, crosses sutures/midline, and can be life-threatening in infants.</li><li><b>Growing skull fracture:</b> progressive widening/unhealing fracture from dural-arachnoid tear and CSF pulsations; CT shows rounded/scalloped lucency and MR can show CSF in the defect.</li><li><b>Fracture morphology:</b> linear, depressed, elevated, and diastatic patterns should be named before searching for complications.</li><li><b>Complications:</b> search for vascular injury, dural/arachnoid laceration with CSF leak, cranial nerve injury, pneumocephalus, EDH/SDH/SAH/contusion, and rare growing skull fracture.</li></ul></div><div><b>Core cross-check</b><ul><li>Isolated linear skull fracture is nonspecific for abuse.</li><li>Complex skull fractures that are depressed, multiple, bilateral, or cross sutures are suspicious for abuse.</li><li>Bone scintigraphy is insensitive for skull fractures.</li><li>CT is preferred for trauma fracture assessment when imaging is indicated; MRI is mainly for selected complications/soft-tissue or ligament questions.</li></ul></div>	
48-year-old patient after head trauma D6R1V8X3K9LA	<img src="SDX-07_STATdx_plain_Scalp_and_Skull_Injuries7.jpg"><br><img src="SDX-08_STATdx_plain_Scalp_and_Skull_Injuries8.jpg">	<div class="stackItem"><img src="SDX-07_STATdx_annotated_Scalp_and_Skull_Injuries7_annot.jpg"><div class="stackCap">Axial bone CT in a 48-year-old trauma patient shows a left temporal bone skull fracture that also involves the greater wing of the sphenoid .</div></div><div class="stackItem"><img src="SDX-08_STATdx_annotated_Scalp_and_Skull_Injuries8_annot.jpg"><div class="stackCap">Axial NECT in the same patient shows an associated epidural hematoma in the anterior middle cranial fossa. Skull fractures are commonly associated with epidural hematomas. Note the contrecoup subarachnoid hemorrhage in the right temporal region.</div></div>	Most likely diagnosis?	Temporal bone skull fracture<br><br>Caption-derived keyword findings:<br>left temporal bone skull fracture<br>greater wing of the sphenoid<br>associated epidural hematoma<br>anterior middle cranial fossa<br>contrecoup subarachnoid hemorrhage<br><br>Reasoning: The bone-window image localizes a temporal skull fracture extending into the sphenoid; the companion NECT shows an epidural hematoma in the anterior middle cranial fossa, a source-stated common association of skull fractures.<br><br>Differential:<br>Normal suture<br>Vascular groove<br>Arachnoid granulation																<div><b>Scalp and Skull Injuries</b></div><div><b>Source Basis:</b> RadPrimer + STATdx master source for the scalp/skull injury article and image examples. Core Radiology support is limited to the captured cross-checks in core_evidence.txt: pediatric abuse fracture specificity, bone scintigraphy insensitivity for skull fractures, and general CT-versus-MRI trauma-fracture context.</div><div><b>Key distinctions</b><ul><li><b>Cephalohematoma:</b> subperiosteal, focal, and bounded by sutures.</li><li><b>Subgaleal hematoma:</b> under the scalp aponeurosis, extensive, crosses sutures/midline, and can be life-threatening in infants.</li><li><b>Growing skull fracture:</b> progressive widening/unhealing fracture from dural-arachnoid tear and CSF pulsations; CT shows rounded/scalloped lucency and MR can show CSF in the defect.</li><li><b>Fracture morphology:</b> linear, depressed, elevated, and diastatic patterns should be named before searching for complications.</li><li><b>Complications:</b> search for vascular injury, dural/arachnoid laceration with CSF leak, cranial nerve injury, pneumocephalus, EDH/SDH/SAH/contusion, and rare growing skull fracture.</li></ul></div><div><b>Core cross-check</b><ul><li>Isolated linear skull fracture is nonspecific for abuse.</li><li>Complex skull fractures that are depressed, multiple, bilateral, or cross sutures are suspicious for abuse.</li><li>Bone scintigraphy is insensitive for skull fractures.</li><li>CT is preferred for trauma fracture assessment when imaging is indicated; MRI is mainly for selected complications/soft-tissue or ligament questions.</li></ul></div>	
Patient with delayed scalp deformity E9P4C2H7M1QX	<img src="SDX-09_STATdx_plain_Scalp_and_Skull_Injuries9.jpg"><br><img src="SDX-10_STATdx_plain_Scalp_and_Skull_Injuries10.jpg">	<div class="stackItem"><img src="SDX-09_STATdx_annotated_Scalp_and_Skull_Injuries9_annot.jpg"><div class="stackCap">Axial NECT in a patient with a "growing" skull fracture shows a widened fracture with scalloped margins .</div></div><div class="stackItem"><img src="SDX-10_STATdx_annotated_Scalp_and_Skull_Injuries10_annot.jpg"><div class="stackCap">Axial T2 MR in the same patient shows a lobulated CSF collection filling the "growing" fracture. CSF pulsations have widened and scalloped the calvarium. "Growing" skull fractures are difficult to detect in the acute stage and are often identified on follow-up imaging as a progressively widening, unhealing fracture. On CT, they are lucent lesions with rounded, scalloped margins.</div></div>	Most likely diagnosis?	Growing skull fracture<br><br>Caption-derived keyword findings:<br>widened fracture<br>scalloped margins<br>lobulated CSF collection<br>filling the "growing" fracture<br>progressively widening, unhealing fracture<br>lucent lesions with rounded, scalloped margins<br><br>Reasoning: The key pattern is a fracture defect that progressively widens and develops rounded/scalloped margins, with T2 MR showing CSF filling the defect. The source links this to CSF pulsations and posttraumatic leptomeningeal cyst formation.<br><br>Differential:<br>Arachnoid granulation<br>Venous lake<br>Healing linear skull fracture																<div><b>Scalp and Skull Injuries</b></div><div><b>Source Basis:</b> RadPrimer + STATdx master source for the scalp/skull injury article and image examples. Core Radiology support is limited to the captured cross-checks in core_evidence.txt: pediatric abuse fracture specificity, bone scintigraphy insensitivity for skull fractures, and general CT-versus-MRI trauma-fracture context.</div><div><b>Key distinctions</b><ul><li><b>Cephalohematoma:</b> subperiosteal, focal, and bounded by sutures.</li><li><b>Subgaleal hematoma:</b> under the scalp aponeurosis, extensive, crosses sutures/midline, and can be life-threatening in infants.</li><li><b>Growing skull fracture:</b> progressive widening/unhealing fracture from dural-arachnoid tear and CSF pulsations; CT shows rounded/scalloped lucency and MR can show CSF in the defect.</li><li><b>Fracture morphology:</b> linear, depressed, elevated, and diastatic patterns should be named before searching for complications.</li><li><b>Complications:</b> search for vascular injury, dural/arachnoid laceration with CSF leak, cranial nerve injury, pneumocephalus, EDH/SDH/SAH/contusion, and rare growing skull fracture.</li></ul></div><div><b>Core cross-check</b><ul><li>Isolated linear skull fracture is nonspecific for abuse.</li><li>Complex skull fractures that are depressed, multiple, bilateral, or cross sutures are suspicious for abuse.</li><li>Bone scintigraphy is insensitive for skull fractures.</li><li>CT is preferred for trauma fracture assessment when imaging is indicated; MRI is mainly for selected complications/soft-tissue or ligament questions.</li></ul></div>	
Newborn after difficult assisted delivery F2Q8Z5M1K7NP	<img src="SDX-11_STATdx_plain_Scalp_and_Skull_Injuries11.jpg"><br><img src="SDX-12_STATdx_plain_Scalp_and_Skull_Injuries12.jpg"><br><img src="SDX-13_STATdx_plain_Scalp_and_Skull_Injuries13.jpg">	<div class="stackItem"><img src="SDX-11_STATdx_annotated_Scalp_and_Skull_Injuries11_annot.jpg"><div class="stackCap">Axial NECT in a newborn with difficult vacuum-assisted delivery shows a small right and a large left cephalohematoma. Neither crosses the midline.</div></div><div class="stackItem"><img src="SDX-12_STATdx_annotated_Scalp_and_Skull_Injuries12_annot.jpg"><div class="stackCap">Coronal NECT in the same patient shows the small right and large left cephalohematomas. The elevated periosteum clearly separates the two blood collections.</div></div><div class="stackItem"><img src="SDX-13_STATdx_annotated_Scalp_and_Skull_Injuries13_annot.jpg"><div class="stackCap">Sagittal NECT shows the left parietal cephalohematoma does not cross the coronal suture .</div></div>	Most likely diagnosis?	Cephalohematoma<br><br>Caption-derived keyword findings:<br>small right and a large left<br>Neither crosses the midline<br>elevated periosteum<br>separates the two blood collections<br>does not cross the coronal suture<br><br>Reasoning: Multiple views show blood collections separated by elevated periosteum and bounded by sutures/midline. That suture-limited subperiosteal behavior is the defining feature of cephalohematoma.<br><br>Differential:<br>Subgaleal hematoma<br>Scalp laceration<br>Diffuse scalp edema																<div><b>Scalp and Skull Injuries</b></div><div><b>Source Basis:</b> RadPrimer + STATdx master source for the scalp/skull injury article and image examples. Core Radiology support is limited to the captured cross-checks in core_evidence.txt: pediatric abuse fracture specificity, bone scintigraphy insensitivity for skull fractures, and general CT-versus-MRI trauma-fracture context.</div><div><b>Key distinctions</b><ul><li><b>Cephalohematoma:</b> subperiosteal, focal, and bounded by sutures.</li><li><b>Subgaleal hematoma:</b> under the scalp aponeurosis, extensive, crosses sutures/midline, and can be life-threatening in infants.</li><li><b>Growing skull fracture:</b> progressive widening/unhealing fracture from dural-arachnoid tear and CSF pulsations; CT shows rounded/scalloped lucency and MR can show CSF in the defect.</li><li><b>Fracture morphology:</b> linear, depressed, elevated, and diastatic patterns should be named before searching for complications.</li><li><b>Complications:</b> search for vascular injury, dural/arachnoid laceration with CSF leak, cranial nerve injury, pneumocephalus, EDH/SDH/SAH/contusion, and rare growing skull fracture.</li></ul></div><div><b>Core cross-check</b><ul><li>Isolated linear skull fracture is nonspecific for abuse.</li><li>Complex skull fractures that are depressed, multiple, bilateral, or cross sutures are suspicious for abuse.</li><li>Bone scintigraphy is insensitive for skull fractures.</li><li>CT is preferred for trauma fracture assessment when imaging is indicated; MRI is mainly for selected complications/soft-tissue or ligament questions.</li></ul></div>	
Infant with head swelling G5T1L9C3V8QA	<img src="SDX-14_STATdx_plain_Scalp_and_Skull_Injuries14.jpg"><br><img src="SDX-15_STATdx_plain_Scalp_and_Skull_Injuries15.jpg">	<div class="stackItem"><img src="SDX-14_STATdx_annotated_Scalp_and_Skull_Injuries14_annot.jpg"><div class="stackCap">Axial T2 MR in an abused infant shows a very large mixed acute/subacute subgaleal hematoma crossing the sutures and extending over the face/orbits.</div></div><div class="stackItem"><img src="SDX-15_STATdx_annotated_Scalp_and_Skull_Injuries15_annot.jpg"><div class="stackCap">More cephalad axial T2 MR shows the mixed-age subgaleal hematoma crossing the midline.</div></div>	Most likely diagnosis?	Subgaleal hematoma<br><br>Caption-derived keyword findings:<br>very large mixed acute/subacute<br>crossing the sutures<br>extending over the face/orbits<br>crossing the midline<br><br>Reasoning: The collection crosses sutures and midline and extends broadly over the face/orbits, which is characteristic of a subgaleal hematoma rather than a suture-limited cephalohematoma. The mixed acute/subacute wording is source-stated but the recognition pivot remains the subgaleal distribution.<br><br>Differential:<br>Cephalohematoma<br>Scalp laceration<br>Diffuse scalp edema																<div><b>Scalp and Skull Injuries</b></div><div><b>Source Basis:</b> RadPrimer + STATdx master source for the scalp/skull injury article and image examples. Core Radiology support is limited to the captured cross-checks in core_evidence.txt: pediatric abuse fracture specificity, bone scintigraphy insensitivity for skull fractures, and general CT-versus-MRI trauma-fracture context.</div><div><b>Key distinctions</b><ul><li><b>Cephalohematoma:</b> subperiosteal, focal, and bounded by sutures.</li><li><b>Subgaleal hematoma:</b> under the scalp aponeurosis, extensive, crosses sutures/midline, and can be life-threatening in infants.</li><li><b>Growing skull fracture:</b> progressive widening/unhealing fracture from dural-arachnoid tear and CSF pulsations; CT shows rounded/scalloped lucency and MR can show CSF in the defect.</li><li><b>Fracture morphology:</b> linear, depressed, elevated, and diastatic patterns should be named before searching for complications.</li><li><b>Complications:</b> search for vascular injury, dural/arachnoid laceration with CSF leak, cranial nerve injury, pneumocephalus, EDH/SDH/SAH/contusion, and rare growing skull fracture.</li></ul></div><div><b>Core cross-check</b><ul><li>Isolated linear skull fracture is nonspecific for abuse.</li><li>Complex skull fractures that are depressed, multiple, bilateral, or cross sutures are suspicious for abuse.</li><li>Bone scintigraphy is insensitive for skull fractures.</li><li>CT is preferred for trauma fracture assessment when imaging is indicated; MRI is mainly for selected complications/soft-tissue or ligament questions.</li></ul></div>	
Patient after severe head trauma H8N2Q6R4V1KC	<img src="SDX-16_STATdx_plain_Scalp_and_Skull_Injuries16.jpg">	<div class="stackItem"><img src="SDX-16_STATdx_annotated_Scalp_and_Skull_Injuries16_annot.jpg"><div class="stackCap">Axial NECT (left) shows severe scalp laceration with a combination of elevated and depressed skull fractures. Axial bone CT (right) shows that the elevated fracture is literally "hinged" away from the calvarium.</div></div>	Most likely diagnosis?	Elevated skull fracture<br><br>Caption-derived keyword findings:<br>severe scalp laceration<br>combination of elevated and depressed skull fractures<br>elevated fracture<br>literally "hinged" away from the calvarium<br><br>Reasoning: The source defines elevated fracture as a fracture segment rotated or lifted away from the skull. The case directly shows a hinged-away calvarial fragment, with adjacent depressed fracture and scalp laceration as associated traumatic findings.<br><br>Differential:<br>Depressed skull fracture<br>Linear skull fracture<br>Normal suture																<div><b>Scalp and Skull Injuries</b></div><div><b>Source Basis:</b> RadPrimer + STATdx master source for the scalp/skull injury article and image examples. Core Radiology support is limited to the captured cross-checks in core_evidence.txt: pediatric abuse fracture specificity, bone scintigraphy insensitivity for skull fractures, and general CT-versus-MRI trauma-fracture context.</div><div><b>Key distinctions</b><ul><li><b>Cephalohematoma:</b> subperiosteal, focal, and bounded by sutures.</li><li><b>Subgaleal hematoma:</b> under the scalp aponeurosis, extensive, crosses sutures/midline, and can be life-threatening in infants.</li><li><b>Growing skull fracture:</b> progressive widening/unhealing fracture from dural-arachnoid tear and CSF pulsations; CT shows rounded/scalloped lucency and MR can show CSF in the defect.</li><li><b>Fracture morphology:</b> linear, depressed, elevated, and diastatic patterns should be named before searching for complications.</li><li><b>Complications:</b> search for vascular injury, dural/arachnoid laceration with CSF leak, cranial nerve injury, pneumocephalus, EDH/SDH/SAH/contusion, and rare growing skull fracture.</li></ul></div><div><b>Core cross-check</b><ul><li>Isolated linear skull fracture is nonspecific for abuse.</li><li>Complex skull fractures that are depressed, multiple, bilateral, or cross sutures are suspicious for abuse.</li><li>Bone scintigraphy is insensitive for skull fractures.</li><li>CT is preferred for trauma fracture assessment when imaging is indicated; MRI is mainly for selected complications/soft-tissue or ligament questions.</li></ul></div>	
Patient after severe head trauma J3K7M2T8Q5RC	<img src="SDX-17_STATdx_plain_Scalp_and_Skull_Injuries17.jpg"><br><img src="SDX-18_STATdx_plain_Scalp_and_Skull_Injuries18.jpg">	<div class="stackItem"><img src="SDX-17_STATdx_annotated_Scalp_and_Skull_Injuries17_annot.jpg"><div class="stackCap">Axial NECT shows a large subgaleal hematoma crossing the sagittal suture. Hyperdense vertex hematoma also crosses the midline, suggesting that the blood is in the epidural space.</div></div><div class="stackItem"><img src="SDX-18_STATdx_annotated_Scalp_and_Skull_Injuries18_annot.jpg"><div class="stackCap">Axial bone CT shows a diastatic fracture of the sagittal suture . A very large subgaleal hematoma extends around the entire circumference of the skull. The superior sagittal sinus is torn, and the intracranial blood seen on soft tissue windows was a vertex venous epidural hematoma.</div></div>	Most likely diagnosis?	Diastatic skull fracture<br><br>Caption-derived keyword findings:<br>large subgaleal hematoma<br>crossing the sagittal suture<br>diastatic fracture of the sagittal suture<br>extends around the entire circumference of the skull<br>superior sagittal sinus is torn<br>vertex venous epidural hematoma<br><br>Reasoning: The bone-window image shows widening of the sagittal suture, which is the defining feature of a diastatic fracture. The paired soft-tissue findings highlight the associated subgaleal hematoma and venous epidural hematoma from superior sagittal sinus injury.<br><br>Differential:<br>Normal suture<br>Linear skull fracture<br>Vascular groove																<div><b>Scalp and Skull Injuries</b></div><div><b>Source Basis:</b> RadPrimer + STATdx master source for the scalp/skull injury article and image examples. Core Radiology support is limited to the captured cross-checks in core_evidence.txt: pediatric abuse fracture specificity, bone scintigraphy insensitivity for skull fractures, and general CT-versus-MRI trauma-fracture context.</div><div><b>Key distinctions</b><ul><li><b>Cephalohematoma:</b> subperiosteal, focal, and bounded by sutures.</li><li><b>Subgaleal hematoma:</b> under the scalp aponeurosis, extensive, crosses sutures/midline, and can be life-threatening in infants.</li><li><b>Growing skull fracture:</b> progressive widening/unhealing fracture from dural-arachnoid tear and CSF pulsations; CT shows rounded/scalloped lucency and MR can show CSF in the defect.</li><li><b>Fracture morphology:</b> linear, depressed, elevated, and diastatic patterns should be named before searching for complications.</li><li><b>Complications:</b> search for vascular injury, dural/arachnoid laceration with CSF leak, cranial nerve injury, pneumocephalus, EDH/SDH/SAH/contusion, and rare growing skull fracture.</li></ul></div><div><b>Core cross-check</b><ul><li>Isolated linear skull fracture is nonspecific for abuse.</li><li>Complex skull fractures that are depressed, multiple, bilateral, or cross sutures are suspicious for abuse.</li><li>Bone scintigraphy is insensitive for skull fractures.</li><li>CT is preferred for trauma fracture assessment when imaging is indicated; MRI is mainly for selected complications/soft-tissue or ligament questions.</li></ul></div>	
Patient after focal head impact K7V2P9L4X8QA	<img src="SDX-19_STATdx_plain_Scalp_and_Skull_Injuries19.jpg"><br><img src="SDX-20_STATdx_plain_Scalp_and_Skull_Injuries20.jpg">	<div class="stackItem"><img src="SDX-19_STATdx_annotated_Scalp_and_Skull_Injuries19_annot.jpg"><div class="stackCap">Axial NECT in a patient with a blow to the right side of the head shows a mildly depressed fracture . Note that the brain under the fracture appears quite normal.</div></div><div class="stackItem"><img src="SDX-20_STATdx_annotated_Scalp_and_Skull_Injuries20_annot.jpg"><div class="stackCap">Axial NECT with bone algorithm reconstruction and wide window display in the same patient shows a depressed, comminuted skull fracture involving the right squamous temporal bone. Note the subcutaneous air and soft tissue hematoma overlying the fracture.</div></div>	Most likely diagnosis?	Depressed skull fracture<br><br>Caption-derived keyword findings:<br>mildly depressed fracture<br>brain under the fracture appears quite normal<br>depressed, comminuted skull fracture<br>right squamous temporal bone<br>subcutaneous air<br>soft tissue hematoma<br><br>Reasoning: A calvarial fragment displaced inward defines a depressed fracture. The companion bone-window image confirms comminution in the right squamous temporal bone and shows overlying subcutaneous air/soft-tissue hematoma, supporting a traumatic fracture rather than a normal calvarial channel.<br><br>Differential:<br>Linear skull fracture<br>Vascular groove<br>Normal suture																<div><b>Scalp and Skull Injuries</b></div><div><b>Source Basis:</b> RadPrimer + STATdx master source for the scalp/skull injury article and image examples. Core Radiology support is limited to the captured cross-checks in core_evidence.txt: pediatric abuse fracture specificity, bone scintigraphy insensitivity for skull fractures, and general CT-versus-MRI trauma-fracture context.</div><div><b>Key distinctions</b><ul><li><b>Cephalohematoma:</b> subperiosteal, focal, and bounded by sutures.</li><li><b>Subgaleal hematoma:</b> under the scalp aponeurosis, extensive, crosses sutures/midline, and can be life-threatening in infants.</li><li><b>Growing skull fracture:</b> progressive widening/unhealing fracture from dural-arachnoid tear and CSF pulsations; CT shows rounded/scalloped lucency and MR can show CSF in the defect.</li><li><b>Fracture morphology:</b> linear, depressed, elevated, and diastatic patterns should be named before searching for complications.</li><li><b>Complications:</b> search for vascular injury, dural/arachnoid laceration with CSF leak, cranial nerve injury, pneumocephalus, EDH/SDH/SAH/contusion, and rare growing skull fracture.</li></ul></div><div><b>Core cross-check</b><ul><li>Isolated linear skull fracture is nonspecific for abuse.</li><li>Complex skull fractures that are depressed, multiple, bilateral, or cross sutures are suspicious for abuse.</li><li>Bone scintigraphy is insensitive for skull fractures.</li><li>CT is preferred for trauma fracture assessment when imaging is indicated; MRI is mainly for selected complications/soft-tissue or ligament questions.</li></ul></div>	
Patient after high-energy head trauma L9C4N7Q2M5VX	<img src="SDX-21_STATdx_plain_Scalp_and_Skull_Injuries21.jpg">	<div class="stackItem"><img src="SDX-21_STATdx_annotated_Scalp_and_Skull_Injuries21_annot.jpg"><div class="stackCap">Axial NECT in a patient who was hit in the head shows an extensively comminuted, depressed skull fracture . Note the large subgaleal hematoma completely surrounding the entire skull.</div></div>	Most likely diagnosis?	Depressed skull fracture<br><br>Caption-derived keyword findings:<br>extensively comminuted<br>depressed skull fracture<br>large subgaleal hematoma<br>completely surrounding the entire skull<br><br>Reasoning: The inward-displaced, extensively comminuted fracture pattern fits a depressed skull fracture, while the circumferential extracalvarial hematoma reinforces the high-energy scalp/skull trauma pattern emphasized in the source.<br><br>Differential:<br>Linear skull fracture<br>Diastatic skull fracture<br>Normal suture																<div><b>Scalp and Skull Injuries</b></div><div><b>Source Basis:</b> RadPrimer + STATdx master source for the scalp/skull injury article and image examples. Core Radiology support is limited to the captured cross-checks in core_evidence.txt: pediatric abuse fracture specificity, bone scintigraphy insensitivity for skull fractures, and general CT-versus-MRI trauma-fracture context.</div><div><b>Key distinctions</b><ul><li><b>Cephalohematoma:</b> subperiosteal, focal, and bounded by sutures.</li><li><b>Subgaleal hematoma:</b> under the scalp aponeurosis, extensive, crosses sutures/midline, and can be life-threatening in infants.</li><li><b>Growing skull fracture:</b> progressive widening/unhealing fracture from dural-arachnoid tear and CSF pulsations; CT shows rounded/scalloped lucency and MR can show CSF in the defect.</li><li><b>Fracture morphology:</b> linear, depressed, elevated, and diastatic patterns should be named before searching for complications.</li><li><b>Complications:</b> search for vascular injury, dural/arachnoid laceration with CSF leak, cranial nerve injury, pneumocephalus, EDH/SDH/SAH/contusion, and rare growing skull fracture.</li></ul></div><div><b>Core cross-check</b><ul><li>Isolated linear skull fracture is nonspecific for abuse.</li><li>Complex skull fractures that are depressed, multiple, bilateral, or cross sutures are suspicious for abuse.</li><li>Bone scintigraphy is insensitive for skull fractures.</li><li>CT is preferred for trauma fracture assessment when imaging is indicated; MRI is mainly for selected complications/soft-tissue or ligament questions.</li></ul></div>	
Young patient after focal head impact M4R8K2T7P1QZ	<img src="SDX-23_STATdx_plain_Scalp_and_Skull_Injuries23.jpg">	<div class="stackItem"><img src="SDX-23_STATdx_annotated_Scalp_and_Skull_Injuries23_annot.jpg"><div class="stackCap">Axial NECT [brain (L) and bone (R) windows] in a young male who was hit with a hammer shows a comminuted, depressed skull fracture . The brain under the fracture shows only a small cortical contusion . The patient's GCS was 15.</div></div>	Most likely diagnosis?	Depressed skull fracture<br><br>Caption-derived keyword findings:<br>brain (L) and bone (R) windows<br>comminuted, depressed skull fracture<br>small cortical contusion<br>GCS was 15<br><br>Reasoning: The paired brain and bone windows show a comminuted fracture with inward depression. The source emphasizes that the underlying brain may show only a small contusion even with a conspicuous depressed calvarial injury.<br><br>Differential:<br>Linear skull fracture<br>Vascular groove<br>Normal suture																<div><b>Scalp and Skull Injuries</b></div><div><b>Source Basis:</b> RadPrimer + STATdx master source for the scalp/skull injury article and image examples. Core Radiology support is limited to the captured cross-checks in core_evidence.txt: pediatric abuse fracture specificity, bone scintigraphy insensitivity for skull fractures, and general CT-versus-MRI trauma-fracture context.</div><div><b>Key distinctions</b><ul><li><b>Cephalohematoma:</b> subperiosteal, focal, and bounded by sutures.</li><li><b>Subgaleal hematoma:</b> under the scalp aponeurosis, extensive, crosses sutures/midline, and can be life-threatening in infants.</li><li><b>Growing skull fracture:</b> progressive widening/unhealing fracture from dural-arachnoid tear and CSF pulsations; CT shows rounded/scalloped lucency and MR can show CSF in the defect.</li><li><b>Fracture morphology:</b> linear, depressed, elevated, and diastatic patterns should be named before searching for complications.</li><li><b>Complications:</b> search for vascular injury, dural/arachnoid laceration with CSF leak, cranial nerve injury, pneumocephalus, EDH/SDH/SAH/contusion, and rare growing skull fracture.</li></ul></div><div><b>Core cross-check</b><ul><li>Isolated linear skull fracture is nonspecific for abuse.</li><li>Complex skull fractures that are depressed, multiple, bilateral, or cross sutures are suspicious for abuse.</li><li>Bone scintigraphy is insensitive for skull fractures.</li><li>CT is preferred for trauma fracture assessment when imaging is indicated; MRI is mainly for selected complications/soft-tissue or ligament questions.</li></ul></div>	
Patient after frontal head trauma N2Q5V8C1L7MR	<img src="SDX-26_STATdx_plain_Scalp_and_Skull_Injuries26.jpg">	<div class="stackItem"><img src="SDX-26_STATdx_annotated_Scalp_and_Skull_Injuries26_annot.jpg"><div class="stackCap">Axial bone CT shows a subgaleal hematoma crossing the midline sagittal suture. A left frontal skull fracture is present. Note the pneumocephalus . Subgaleal hematomas are under the scalp aponeurosis, much more extensive, and not bounded by sutures. They are often associated with skull fractures in trauma patients.</div></div>	Most likely diagnosis?	Subgaleal hematoma<br><br>Caption-derived keyword findings:<br>crossing the midline sagittal suture<br>left frontal skull fracture<br>pneumocephalus<br>under the scalp aponeurosis<br>not bounded by sutures<br>often associated with skull fractures<br><br>Reasoning: The collection crosses the sagittal suture and is explicitly described as under the scalp aponeurosis, making it subgaleal. The frontal fracture and pneumocephalus are source-supported associated fracture findings.<br><br>Differential:<br>Cephalohematoma<br>Scalp laceration<br>Subdural hematoma																<div><b>Scalp and Skull Injuries</b></div><div><b>Source Basis:</b> RadPrimer + STATdx master source for the scalp/skull injury article and image examples. Core Radiology support is limited to the captured cross-checks in core_evidence.txt: pediatric abuse fracture specificity, bone scintigraphy insensitivity for skull fractures, and general CT-versus-MRI trauma-fracture context.</div><div><b>Key distinctions</b><ul><li><b>Cephalohematoma:</b> subperiosteal, focal, and bounded by sutures.</li><li><b>Subgaleal hematoma:</b> under the scalp aponeurosis, extensive, crosses sutures/midline, and can be life-threatening in infants.</li><li><b>Growing skull fracture:</b> progressive widening/unhealing fracture from dural-arachnoid tear and CSF pulsations; CT shows rounded/scalloped lucency and MR can show CSF in the defect.</li><li><b>Fracture morphology:</b> linear, depressed, elevated, and diastatic patterns should be named before searching for complications.</li><li><b>Complications:</b> search for vascular injury, dural/arachnoid laceration with CSF leak, cranial nerve injury, pneumocephalus, EDH/SDH/SAH/contusion, and rare growing skull fracture.</li></ul></div><div><b>Core cross-check</b><ul><li>Isolated linear skull fracture is nonspecific for abuse.</li><li>Complex skull fractures that are depressed, multiple, bilateral, or cross sutures are suspicious for abuse.</li><li>Bone scintigraphy is insensitive for skull fractures.</li><li>CT is preferred for trauma fracture assessment when imaging is indicated; MRI is mainly for selected complications/soft-tissue or ligament questions.</li></ul></div>	
Newborn after difficult delivery A7K2M9Q4T1XZ [DD1]	<img src="SDX-02_STATdx_plain_Scalp_and_Skull_Injuries2.jpg"><br><img src="SDX-03_STATdx_plain_Scalp_and_Skull_Injuries3.jpg">	<div class="stackItem"><img src="SDX-02_STATdx_annotated_Scalp_and_Skull_Injuries2_annot.jpg"><div class="stackCap">Bone CT in a newborn with a traumatic delivery shows a linear skull fracture and a cephalohematoma overlying the parietal bone. Note that the cephalohematoma does not cross the sagittal suture .</div></div><div class="stackItem"><img src="SDX-03_STATdx_annotated_Scalp_and_Skull_Injuries3_annot.jpg"><div class="stackCap">NECT in the same patient shows the cephalohematoma . Note the presence of a small intracranial epidural hematoma .</div></div>			Cephalohematoma	CT head. Based on the image, name 3 key differentials and give one best discriminator for each.	Cephalohematoma<br>Subgaleal hematoma<br>Scalp laceration	Cephalohematoma -> subperiosteal, focal, and limited by sutures; the source example does not cross the sagittal suture.<br>Subgaleal hematoma -> under the scalp aponeurosis/galea, more extensive, not bounded by sutures, may cross midline or become circumferential.<br>Scalp laceration -> scalp discontinuity, air, or foreign material rather than a smooth suture-limited blood collection.												<div><b>Scalp and Skull Injuries</b></div><div><b>Source Basis:</b> RadPrimer + STATdx master source for the scalp/skull injury article and image examples. Core Radiology support is limited to the captured cross-checks in core_evidence.txt: pediatric abuse fracture specificity, bone scintigraphy insensitivity for skull fractures, and general CT-versus-MRI trauma-fracture context.</div><div><b>Key distinctions</b><ul><li><b>Cephalohematoma:</b> subperiosteal, focal, and bounded by sutures.</li><li><b>Subgaleal hematoma:</b> under the scalp aponeurosis, extensive, crosses sutures/midline, and can be life-threatening in infants.</li><li><b>Growing skull fracture:</b> progressive widening/unhealing fracture from dural-arachnoid tear and CSF pulsations; CT shows rounded/scalloped lucency and MR can show CSF in the defect.</li><li><b>Fracture morphology:</b> linear, depressed, elevated, and diastatic patterns should be named before searching for complications.</li><li><b>Complications:</b> search for vascular injury, dural/arachnoid laceration with CSF leak, cranial nerve injury, pneumocephalus, EDH/SDH/SAH/contusion, and rare growing skull fracture.</li></ul></div><div><b>Core cross-check</b><ul><li>Isolated linear skull fracture is nonspecific for abuse.</li><li>Complex skull fractures that are depressed, multiple, bilateral, or cross sutures are suspicious for abuse.</li><li>Bone scintigraphy is insensitive for skull fractures.</li><li>CT is preferred for trauma fracture assessment when imaging is indicated; MRI is mainly for selected complications/soft-tissue or ligament questions.</li></ul></div>	
Patient after severe head trauma J3K7M2T8Q5RC [DD2]	<img src="SDX-17_STATdx_plain_Scalp_and_Skull_Injuries17.jpg"><br><img src="SDX-18_STATdx_plain_Scalp_and_Skull_Injuries18.jpg">	<div class="stackItem"><img src="SDX-17_STATdx_annotated_Scalp_and_Skull_Injuries17_annot.jpg"><div class="stackCap">Axial NECT shows a large subgaleal hematoma crossing the sagittal suture. Hyperdense vertex hematoma also crosses the midline, suggesting that the blood is in the epidural space.</div></div><div class="stackItem"><img src="SDX-18_STATdx_annotated_Scalp_and_Skull_Injuries18_annot.jpg"><div class="stackCap">Axial bone CT shows a diastatic fracture of the sagittal suture . A very large subgaleal hematoma extends around the entire circumference of the skull. The superior sagittal sinus is torn, and the intracranial blood seen on soft tissue windows was a vertex venous epidural hematoma.</div></div>			Diastatic skull fracture	Bone CT head. Based on the image, name 4 key differentials and give one best discriminator for each.	Skull fracture<br>Normal suture<br>Vascular groove<br>Wormian bone	Pattern differs because: this drill separates traumatic calvarial lucencies from normal skull mimics rather than separating scalp hematoma layers.<br>Skull fracture -> sharply marginated traumatic lucency; source emphasizes fractures are rarely present without overlying scalp swelling.<br>Normal suture -> anatomic suture line without traumatic soft-tissue swelling.<br>Vascular groove -> normal vascular channel mimic; absence of scalp swelling favors this normal mimic.<br>Wormian bone -> accessory sutural bone; absence of traumatic swelling and typical sutural location favor mimic over fracture.												<div><b>Scalp and Skull Injuries</b></div><div><b>Source Basis:</b> RadPrimer + STATdx master source for the scalp/skull injury article and image examples. Core Radiology support is limited to the captured cross-checks in core_evidence.txt: pediatric abuse fracture specificity, bone scintigraphy insensitivity for skull fractures, and general CT-versus-MRI trauma-fracture context.</div><div><b>Key distinctions</b><ul><li><b>Cephalohematoma:</b> subperiosteal, focal, and bounded by sutures.</li><li><b>Subgaleal hematoma:</b> under the scalp aponeurosis, extensive, crosses sutures/midline, and can be life-threatening in infants.</li><li><b>Growing skull fracture:</b> progressive widening/unhealing fracture from dural-arachnoid tear and CSF pulsations; CT shows rounded/scalloped lucency and MR can show CSF in the defect.</li><li><b>Fracture morphology:</b> linear, depressed, elevated, and diastatic patterns should be named before searching for complications.</li><li><b>Complications:</b> search for vascular injury, dural/arachnoid laceration with CSF leak, cranial nerve injury, pneumocephalus, EDH/SDH/SAH/contusion, and rare growing skull fracture.</li></ul></div><div><b>Core cross-check</b><ul><li>Isolated linear skull fracture is nonspecific for abuse.</li><li>Complex skull fractures that are depressed, multiple, bilateral, or cross sutures are suspicious for abuse.</li><li>Bone scintigraphy is insensitive for skull fractures.</li><li>CT is preferred for trauma fracture assessment when imaging is indicated; MRI is mainly for selected complications/soft-tissue or ligament questions.</li></ul></div>	
D4F8K2M7Q1TZ														Define Cephalohematoma.	Source definition: Cephalohematoma is subperiosteal, focal, and limited by sutures.<br>Boundary condition: It is a suture-bounded subperiosteal scalp hematoma; it is not the diffuse subaponeurotic collection that crosses sutures.<br>Synonyms: none stated.					<div><b>Scalp and Skull Injuries</b></div><div><b>Source Basis:</b> RadPrimer + STATdx master source for the scalp/skull injury article and image examples. Core Radiology support is limited to the captured cross-checks in core_evidence.txt: pediatric abuse fracture specificity, bone scintigraphy insensitivity for skull fractures, and general CT-versus-MRI trauma-fracture context.</div><div><b>Key distinctions</b><ul><li><b>Cephalohematoma:</b> subperiosteal, focal, and bounded by sutures.</li><li><b>Subgaleal hematoma:</b> under the scalp aponeurosis, extensive, crosses sutures/midline, and can be life-threatening in infants.</li><li><b>Growing skull fracture:</b> progressive widening/unhealing fracture from dural-arachnoid tear and CSF pulsations; CT shows rounded/scalloped lucency and MR can show CSF in the defect.</li><li><b>Fracture morphology:</b> linear, depressed, elevated, and diastatic patterns should be named before searching for complications.</li><li><b>Complications:</b> search for vascular injury, dural/arachnoid laceration with CSF leak, cranial nerve injury, pneumocephalus, EDH/SDH/SAH/contusion, and rare growing skull fracture.</li></ul></div><div><b>Core cross-check</b><ul><li>Isolated linear skull fracture is nonspecific for abuse.</li><li>Complex skull fractures that are depressed, multiple, bilateral, or cross sutures are suspicious for abuse.</li><li>Bone scintigraphy is insensitive for skull fractures.</li><li>CT is preferred for trauma fracture assessment when imaging is indicated; MRI is mainly for selected complications/soft-tissue or ligament questions.</li></ul></div>	
K9M1Q7V2L5CR														Define Subgaleal hematoma.	Source definition: Subgaleal hematoma is under the scalp aponeurosis, much more extensive, and not bounded by sutures.<br>Boundary condition: It crosses sutures/midline because it is subaponeurotic; it is not a focal subperiosteal cephalohematoma.<br>Synonyms: none stated.					<div><b>Scalp and Skull Injuries</b></div><div><b>Source Basis:</b> RadPrimer + STATdx master source for the scalp/skull injury article and image examples. Core Radiology support is limited to the captured cross-checks in core_evidence.txt: pediatric abuse fracture specificity, bone scintigraphy insensitivity for skull fractures, and general CT-versus-MRI trauma-fracture context.</div><div><b>Key distinctions</b><ul><li><b>Cephalohematoma:</b> subperiosteal, focal, and bounded by sutures.</li><li><b>Subgaleal hematoma:</b> under the scalp aponeurosis, extensive, crosses sutures/midline, and can be life-threatening in infants.</li><li><b>Growing skull fracture:</b> progressive widening/unhealing fracture from dural-arachnoid tear and CSF pulsations; CT shows rounded/scalloped lucency and MR can show CSF in the defect.</li><li><b>Fracture morphology:</b> linear, depressed, elevated, and diastatic patterns should be named before searching for complications.</li><li><b>Complications:</b> search for vascular injury, dural/arachnoid laceration with CSF leak, cranial nerve injury, pneumocephalus, EDH/SDH/SAH/contusion, and rare growing skull fracture.</li></ul></div><div><b>Core cross-check</b><ul><li>Isolated linear skull fracture is nonspecific for abuse.</li><li>Complex skull fractures that are depressed, multiple, bilateral, or cross sutures are suspicious for abuse.</li><li>Bone scintigraphy is insensitive for skull fractures.</li><li>CT is preferred for trauma fracture assessment when imaging is indicated; MRI is mainly for selected complications/soft-tissue or ligament questions.</li></ul></div>	
P3V8L2Q6N9CA														Define Diastatic skull fracture.	Source definition: Diastatic fracture widens a suture or synchondrosis.<br>Boundary condition: It is traumatic suture/synchondrosis widening; it is not a normal suture variant or isolated linear fracture line.<br>Synonyms: none stated.					<div><b>Scalp and Skull Injuries</b></div><div><b>Source Basis:</b> RadPrimer + STATdx master source for the scalp/skull injury article and image examples. Core Radiology support is limited to the captured cross-checks in core_evidence.txt: pediatric abuse fracture specificity, bone scintigraphy insensitivity for skull fractures, and general CT-versus-MRI trauma-fracture context.</div><div><b>Key distinctions</b><ul><li><b>Cephalohematoma:</b> subperiosteal, focal, and bounded by sutures.</li><li><b>Subgaleal hematoma:</b> under the scalp aponeurosis, extensive, crosses sutures/midline, and can be life-threatening in infants.</li><li><b>Growing skull fracture:</b> progressive widening/unhealing fracture from dural-arachnoid tear and CSF pulsations; CT shows rounded/scalloped lucency and MR can show CSF in the defect.</li><li><b>Fracture morphology:</b> linear, depressed, elevated, and diastatic patterns should be named before searching for complications.</li><li><b>Complications:</b> search for vascular injury, dural/arachnoid laceration with CSF leak, cranial nerve injury, pneumocephalus, EDH/SDH/SAH/contusion, and rare growing skull fracture.</li></ul></div><div><b>Core cross-check</b><ul><li>Isolated linear skull fracture is nonspecific for abuse.</li><li>Complex skull fractures that are depressed, multiple, bilateral, or cross sutures are suspicious for abuse.</li><li>Bone scintigraphy is insensitive for skull fractures.</li><li>CT is preferred for trauma fracture assessment when imaging is indicated; MRI is mainly for selected complications/soft-tissue or ligament questions.</li></ul></div>	
R6C1M8T4Q9VL														Define Growing skull fracture.	Source definition: Growing skull fracture reflects posttraumatic leptomeningeal cyst formation.<br>Boundary condition: It is a progressively widening, unhealing fracture with CSF/leptomeningeal involvement; it is not an ordinary healing linear fracture.<br>Synonyms: posttraumatic leptomeningeal cyst formation.					<div><b>Scalp and Skull Injuries</b></div><div><b>Source Basis:</b> RadPrimer + STATdx master source for the scalp/skull injury article and image examples. Core Radiology support is limited to the captured cross-checks in core_evidence.txt: pediatric abuse fracture specificity, bone scintigraphy insensitivity for skull fractures, and general CT-versus-MRI trauma-fracture context.</div><div><b>Key distinctions</b><ul><li><b>Cephalohematoma:</b> subperiosteal, focal, and bounded by sutures.</li><li><b>Subgaleal hematoma:</b> under the scalp aponeurosis, extensive, crosses sutures/midline, and can be life-threatening in infants.</li><li><b>Growing skull fracture:</b> progressive widening/unhealing fracture from dural-arachnoid tear and CSF pulsations; CT shows rounded/scalloped lucency and MR can show CSF in the defect.</li><li><b>Fracture morphology:</b> linear, depressed, elevated, and diastatic patterns should be named before searching for complications.</li><li><b>Complications:</b> search for vascular injury, dural/arachnoid laceration with CSF leak, cranial nerve injury, pneumocephalus, EDH/SDH/SAH/contusion, and rare growing skull fracture.</li></ul></div><div><b>Core cross-check</b><ul><li>Isolated linear skull fracture is nonspecific for abuse.</li><li>Complex skull fractures that are depressed, multiple, bilateral, or cross sutures are suspicious for abuse.</li><li>Bone scintigraphy is insensitive for skull fractures.</li><li>CT is preferred for trauma fracture assessment when imaging is indicated; MRI is mainly for selected complications/soft-tissue or ligament questions.</li></ul></div>	
T5L9Q2M8C1VR					Cephalohematoma versus subgaleal hematoma					Why does a cephalohematoma stop at sutures while a subgaleal hematoma can cross sutures and midline?	Cephalohematoma is subperiosteal: blood is trapped deep to periosteum, and periosteum is anchored at cranial sutures, so the collection remains focal and suture-limited.<br>Subgaleal hematoma is under the scalp aponeurosis/galea rather than under periosteum. That potential space is not bounded by sutures, so blood can spread broadly, cross midline, and extend around the calvarium.<br>Imaging pivot: a suture-limited scalp mass favors cephalohematoma; a diffuse collection crossing sutures/midline favors subgaleal hematoma and can be life-threatening in infants.									<div><b>Scalp and Skull Injuries</b></div><div><b>Source Basis:</b> RadPrimer + STATdx master source for the scalp/skull injury article and image examples. Core Radiology support is limited to the captured cross-checks in core_evidence.txt: pediatric abuse fracture specificity, bone scintigraphy insensitivity for skull fractures, and general CT-versus-MRI trauma-fracture context.</div><div><b>Key distinctions</b><ul><li><b>Cephalohematoma:</b> subperiosteal, focal, and bounded by sutures.</li><li><b>Subgaleal hematoma:</b> under the scalp aponeurosis, extensive, crosses sutures/midline, and can be life-threatening in infants.</li><li><b>Growing skull fracture:</b> progressive widening/unhealing fracture from dural-arachnoid tear and CSF pulsations; CT shows rounded/scalloped lucency and MR can show CSF in the defect.</li><li><b>Fracture morphology:</b> linear, depressed, elevated, and diastatic patterns should be named before searching for complications.</li><li><b>Complications:</b> search for vascular injury, dural/arachnoid laceration with CSF leak, cranial nerve injury, pneumocephalus, EDH/SDH/SAH/contusion, and rare growing skull fracture.</li></ul></div><div><b>Core cross-check</b><ul><li>Isolated linear skull fracture is nonspecific for abuse.</li><li>Complex skull fractures that are depressed, multiple, bilateral, or cross sutures are suspicious for abuse.</li><li>Bone scintigraphy is insensitive for skull fractures.</li><li>CT is preferred for trauma fracture assessment when imaging is indicated; MRI is mainly for selected complications/soft-tissue or ligament questions.</li></ul></div>	
V1Q7N4C9M2LA					Growing skull fracture					Why can a growing skull fracture become progressively widened and scalloped on CT/MR?	The source frames growing skull fracture as posttraumatic leptomeningeal cyst formation. A dural/arachnoid laceration permits CSF-containing leptomeninges/CSF to occupy the fracture gap.<br>CSF pulsations repeatedly transmit pressure across the defect, widening and scalloping the calvarium over time.<br>Imaging pivot: CT shows a progressively widening, unhealing lucent defect with rounded/scalloped margins, while T2 MR can show a lobulated CSF collection filling the defect.									<div><b>Scalp and Skull Injuries</b></div><div><b>Source Basis:</b> RadPrimer + STATdx master source for the scalp/skull injury article and image examples. Core Radiology support is limited to the captured cross-checks in core_evidence.txt: pediatric abuse fracture specificity, bone scintigraphy insensitivity for skull fractures, and general CT-versus-MRI trauma-fracture context.</div><div><b>Key distinctions</b><ul><li><b>Cephalohematoma:</b> subperiosteal, focal, and bounded by sutures.</li><li><b>Subgaleal hematoma:</b> under the scalp aponeurosis, extensive, crosses sutures/midline, and can be life-threatening in infants.</li><li><b>Growing skull fracture:</b> progressive widening/unhealing fracture from dural-arachnoid tear and CSF pulsations; CT shows rounded/scalloped lucency and MR can show CSF in the defect.</li><li><b>Fracture morphology:</b> linear, depressed, elevated, and diastatic patterns should be named before searching for complications.</li><li><b>Complications:</b> search for vascular injury, dural/arachnoid laceration with CSF leak, cranial nerve injury, pneumocephalus, EDH/SDH/SAH/contusion, and rare growing skull fracture.</li></ul></div><div><b>Core cross-check</b><ul><li>Isolated linear skull fracture is nonspecific for abuse.</li><li>Complex skull fractures that are depressed, multiple, bilateral, or cross sutures are suspicious for abuse.</li><li>Bone scintigraphy is insensitive for skull fractures.</li><li>CT is preferred for trauma fracture assessment when imaging is indicated; MRI is mainly for selected complications/soft-tissue or ligament questions.</li></ul></div>	
Q8M2C7V1L5ZR					Fracture mimic trap							What is the trap, and what safety check prevents it?	Trap: calling a normal calvarial lucency a skull fracture, or dismissing a true fracture as a normal line.<br>Safety check: look for overlying scalp swelling/soft-tissue injury and trace the line for expected anatomy.<br>Key discriminator: skull fractures are rarely present without overlying scalp swelling; absence of swelling strongly favors sutures, vascular grooves, venous lakes, arachnoid granulations, or wormian bones.<br>Why the error occurs: normal skull channels and sutural anatomy can visually mimic sharply marginated fracture lines on bone windows.							<div><b>Scalp and Skull Injuries</b></div><div><b>Source Basis:</b> RadPrimer + STATdx master source for the scalp/skull injury article and image examples. Core Radiology support is limited to the captured cross-checks in core_evidence.txt: pediatric abuse fracture specificity, bone scintigraphy insensitivity for skull fractures, and general CT-versus-MRI trauma-fracture context.</div><div><b>Key distinctions</b><ul><li><b>Cephalohematoma:</b> subperiosteal, focal, and bounded by sutures.</li><li><b>Subgaleal hematoma:</b> under the scalp aponeurosis, extensive, crosses sutures/midline, and can be life-threatening in infants.</li><li><b>Growing skull fracture:</b> progressive widening/unhealing fracture from dural-arachnoid tear and CSF pulsations; CT shows rounded/scalloped lucency and MR can show CSF in the defect.</li><li><b>Fracture morphology:</b> linear, depressed, elevated, and diastatic patterns should be named before searching for complications.</li><li><b>Complications:</b> search for vascular injury, dural/arachnoid laceration with CSF leak, cranial nerve injury, pneumocephalus, EDH/SDH/SAH/contusion, and rare growing skull fracture.</li></ul></div><div><b>Core cross-check</b><ul><li>Isolated linear skull fracture is nonspecific for abuse.</li><li>Complex skull fractures that are depressed, multiple, bilateral, or cross sutures are suspicious for abuse.</li><li>Bone scintigraphy is insensitive for skull fractures.</li><li>CT is preferred for trauma fracture assessment when imaging is indicated; MRI is mainly for selected complications/soft-tissue or ligament questions.</li></ul></div>	
L2V9Q5C1M8TR	<img src="SDX-24_STATdx_plain_Scalp_and_Skull_Injuries24.jpg">	<div class="stackItem"><img src="SDX-24_STATdx_annotated_Scalp_and_Skull_Injuries24_annot.jpg"><div class="stackCap">Axial graphic depicts different basilar skull fractures crossing the petrous apex and clivus as well as extending into the jugular foramen and carotid canal . The potential for vascular injury in such fractures is high.</div></div>			Trauma safety check							What is the pitfall here, and what safety check prevents it?	Trap: treating a skull base fracture near vascular channels as an isolated bone injury.<br>Safety check: evaluate whether the fracture involves the temporal bone, sphenoid/clivus, carotid canal, jugular foramen, or dural venous sinus; consider CTA/MRA when these high-risk pathways are involved.<br>Key discriminator: fractures crossing the carotid canal, jugular foramen, or dural venous sinus region carry higher vascular or venous sinus injury risk.<br>Why the error occurs: bone-window fracture detection can distract from the vascular-channel complication search.							<div><b>Scalp and Skull Injuries</b></div><div><b>Source Basis:</b> RadPrimer + STATdx master source for the scalp/skull injury article and image examples. Core Radiology support is limited to the captured cross-checks in core_evidence.txt: pediatric abuse fracture specificity, bone scintigraphy insensitivity for skull fractures, and general CT-versus-MRI trauma-fracture context.</div><div><b>Key distinctions</b><ul><li><b>Cephalohematoma:</b> subperiosteal, focal, and bounded by sutures.</li><li><b>Subgaleal hematoma:</b> under the scalp aponeurosis, extensive, crosses sutures/midline, and can be life-threatening in infants.</li><li><b>Growing skull fracture:</b> progressive widening/unhealing fracture from dural-arachnoid tear and CSF pulsations; CT shows rounded/scalloped lucency and MR can show CSF in the defect.</li><li><b>Fracture morphology:</b> linear, depressed, elevated, and diastatic patterns should be named before searching for complications.</li><li><b>Complications:</b> search for vascular injury, dural/arachnoid laceration with CSF leak, cranial nerve injury, pneumocephalus, EDH/SDH/SAH/contusion, and rare growing skull fracture.</li></ul></div><div><b>Core cross-check</b><ul><li>Isolated linear skull fracture is nonspecific for abuse.</li><li>Complex skull fractures that are depressed, multiple, bilateral, or cross sutures are suspicious for abuse.</li><li>Bone scintigraphy is insensitive for skull fractures.</li><li>CT is preferred for trauma fracture assessment when imaging is indicated; MRI is mainly for selected complications/soft-tissue or ligament questions.</li></ul></div>	
M7C4V1Q9L2TP	<img src="SDX-25_STATdx_plain_Scalp_and_Skull_Injuries25.jpg">	<div class="stackItem"><img src="SDX-25_STATdx_annotated_Scalp_and_Skull_Injuries25_annot.jpg"><div class="stackCap">3D shaded surface display in a patient with multiple linear and diastatic skull fractures shows utility of SSDs in depicting complex fracture anatomy. Note slight depression of the fractured parietooccipital calvarium that was appreciated only on this SSD.</div></div>			Complex fracture rendering pitfall							What is the pitfall, and what safety check prevents it?	Trap: undercalling complex calvarial fracture anatomy or subtle depression when reviewing only routine axial images.<br>Safety check: use 3D shaded surface display as a problem-solving view when fracture anatomy is complex.<br>Key discriminator: the source example states that slight depression of the fractured parietooccipital calvarium was appreciated only on SSD.<br>Why the error occurs: complex intersecting linear/diastatic fractures can obscure subtle depression unless the surface contour is rendered.							<div><b>Scalp and Skull Injuries</b></div><div><b>Source Basis:</b> RadPrimer + STATdx master source for the scalp/skull injury article and image examples. Core Radiology support is limited to the captured cross-checks in core_evidence.txt: pediatric abuse fracture specificity, bone scintigraphy insensitivity for skull fractures, and general CT-versus-MRI trauma-fracture context.</div><div><b>Key distinctions</b><ul><li><b>Cephalohematoma:</b> subperiosteal, focal, and bounded by sutures.</li><li><b>Subgaleal hematoma:</b> under the scalp aponeurosis, extensive, crosses sutures/midline, and can be life-threatening in infants.</li><li><b>Growing skull fracture:</b> progressive widening/unhealing fracture from dural-arachnoid tear and CSF pulsations; CT shows rounded/scalloped lucency and MR can show CSF in the defect.</li><li><b>Fracture morphology:</b> linear, depressed, elevated, and diastatic patterns should be named before searching for complications.</li><li><b>Complications:</b> search for vascular injury, dural/arachnoid laceration with CSF leak, cranial nerve injury, pneumocephalus, EDH/SDH/SAH/contusion, and rare growing skull fracture.</li></ul></div><div><b>Core cross-check</b><ul><li>Isolated linear skull fracture is nonspecific for abuse.</li><li>Complex skull fractures that are depressed, multiple, bilateral, or cross sutures are suspicious for abuse.</li><li>Bone scintigraphy is insensitive for skull fractures.</li><li>CT is preferred for trauma fracture assessment when imaging is indicated; MRI is mainly for selected complications/soft-tissue or ligament questions.</li></ul></div>	
C8Q2M6L9V1ZR														What percentage of newborns develop cephalohematoma according to the source?	About 1% of newborns.<br>Exam pivot: a focal neonatal scalp mass that does not cross sutures is a common birth-trauma pattern, especially with instrumented or vacuum-assisted delivery.					<div><b>Scalp and Skull Injuries</b></div><div><b>Source Basis:</b> RadPrimer + STATdx master source for the scalp/skull injury article and image examples. Core Radiology support is limited to the captured cross-checks in core_evidence.txt: pediatric abuse fracture specificity, bone scintigraphy insensitivity for skull fractures, and general CT-versus-MRI trauma-fracture context.</div><div><b>Key distinctions</b><ul><li><b>Cephalohematoma:</b> subperiosteal, focal, and bounded by sutures.</li><li><b>Subgaleal hematoma:</b> under the scalp aponeurosis, extensive, crosses sutures/midline, and can be life-threatening in infants.</li><li><b>Growing skull fracture:</b> progressive widening/unhealing fracture from dural-arachnoid tear and CSF pulsations; CT shows rounded/scalloped lucency and MR can show CSF in the defect.</li><li><b>Fracture morphology:</b> linear, depressed, elevated, and diastatic patterns should be named before searching for complications.</li><li><b>Complications:</b> search for vascular injury, dural/arachnoid laceration with CSF leak, cranial nerve injury, pneumocephalus, EDH/SDH/SAH/contusion, and rare growing skull fracture.</li></ul></div><div><b>Core cross-check</b><ul><li>Isolated linear skull fracture is nonspecific for abuse.</li><li>Complex skull fractures that are depressed, multiple, bilateral, or cross sutures are suspicious for abuse.</li><li>Bone scintigraphy is insensitive for skull fractures.</li><li>CT is preferred for trauma fracture assessment when imaging is indicated; MRI is mainly for selected complications/soft-tissue or ligament questions.</li></ul></div>	
N5V1Q8C2M7LT														Which skull fracture pattern is nonspecific for child abuse when isolated, according to Core?	Linear skull fracture.<br>Exam pivot: Core lists linear skull fracture as nonspecific and frequently seen in both abuse and accidental trauma, so it should not be overcalled as abuse in isolation.					<div><b>Scalp and Skull Injuries</b></div><div><b>Source Basis:</b> RadPrimer + STATdx master source for the scalp/skull injury article and image examples. Core Radiology support is limited to the captured cross-checks in core_evidence.txt: pediatric abuse fracture specificity, bone scintigraphy insensitivity for skull fractures, and general CT-versus-MRI trauma-fracture context.</div><div><b>Key distinctions</b><ul><li><b>Cephalohematoma:</b> subperiosteal, focal, and bounded by sutures.</li><li><b>Subgaleal hematoma:</b> under the scalp aponeurosis, extensive, crosses sutures/midline, and can be life-threatening in infants.</li><li><b>Growing skull fracture:</b> progressive widening/unhealing fracture from dural-arachnoid tear and CSF pulsations; CT shows rounded/scalloped lucency and MR can show CSF in the defect.</li><li><b>Fracture morphology:</b> linear, depressed, elevated, and diastatic patterns should be named before searching for complications.</li><li><b>Complications:</b> search for vascular injury, dural/arachnoid laceration with CSF leak, cranial nerve injury, pneumocephalus, EDH/SDH/SAH/contusion, and rare growing skull fracture.</li></ul></div><div><b>Core cross-check</b><ul><li>Isolated linear skull fracture is nonspecific for abuse.</li><li>Complex skull fractures that are depressed, multiple, bilateral, or cross sutures are suspicious for abuse.</li><li>Bone scintigraphy is insensitive for skull fractures.</li><li>CT is preferred for trauma fracture assessment when imaging is indicated; MRI is mainly for selected complications/soft-tissue or ligament questions.</li></ul></div>	
A1B2C3D4E5F6														What is the key scalp-hematoma discriminator between cephalohematoma and subgaleal hematoma?	Cephalohematoma -> subperiosteal, focal, limited by sutures.<br>Subgaleal hematoma -> under scalp aponeurosis/galea, not suture-limited, can cross midline/circumference.<br>Exam pivot: suture crossing is the highest-yield layer-localization clue.					<div><b>Scalp and Skull Injuries</b></div><div><b>Source Basis:</b> RadPrimer + STATdx master source for the scalp/skull injury article and image examples. Core Radiology support is limited to the captured cross-checks in core_evidence.txt: pediatric abuse fracture specificity, bone scintigraphy insensitivity for skull fractures, and general CT-versus-MRI trauma-fracture context.</div><div><b>Key distinctions</b><ul><li><b>Cephalohematoma:</b> subperiosteal, focal, and bounded by sutures.</li><li><b>Subgaleal hematoma:</b> under the scalp aponeurosis, extensive, crosses sutures/midline, and can be life-threatening in infants.</li><li><b>Growing skull fracture:</b> progressive widening/unhealing fracture from dural-arachnoid tear and CSF pulsations; CT shows rounded/scalloped lucency and MR can show CSF in the defect.</li><li><b>Fracture morphology:</b> linear, depressed, elevated, and diastatic patterns should be named before searching for complications.</li><li><b>Complications:</b> search for vascular injury, dural/arachnoid laceration with CSF leak, cranial nerve injury, pneumocephalus, EDH/SDH/SAH/contusion, and rare growing skull fracture.</li></ul></div><div><b>Core cross-check</b><ul><li>Isolated linear skull fracture is nonspecific for abuse.</li><li>Complex skull fractures that are depressed, multiple, bilateral, or cross sutures are suspicious for abuse.</li><li>Bone scintigraphy is insensitive for skull fractures.</li><li>CT is preferred for trauma fracture assessment when imaging is indicated; MRI is mainly for selected complications/soft-tissue or ligament questions.</li></ul></div>	
B2C3D4E5F6G7														For acute head trauma/skull fracture detection in this source, what is the practical modality pivot?	CT is the practical modality for acute head trauma and skull fracture detection.<br>Routine skull radiographs have no modern role in head trauma evaluation.<br>Exam pivot: use CT/bone windows rather than radiographs for acute skull fracture assessment.					<div><b>Scalp and Skull Injuries</b></div><div><b>Source Basis:</b> RadPrimer + STATdx master source for the scalp/skull injury article and image examples. Core Radiology support is limited to the captured cross-checks in core_evidence.txt: pediatric abuse fracture specificity, bone scintigraphy insensitivity for skull fractures, and general CT-versus-MRI trauma-fracture context.</div><div><b>Key distinctions</b><ul><li><b>Cephalohematoma:</b> subperiosteal, focal, and bounded by sutures.</li><li><b>Subgaleal hematoma:</b> under the scalp aponeurosis, extensive, crosses sutures/midline, and can be life-threatening in infants.</li><li><b>Growing skull fracture:</b> progressive widening/unhealing fracture from dural-arachnoid tear and CSF pulsations; CT shows rounded/scalloped lucency and MR can show CSF in the defect.</li><li><b>Fracture morphology:</b> linear, depressed, elevated, and diastatic patterns should be named before searching for complications.</li><li><b>Complications:</b> search for vascular injury, dural/arachnoid laceration with CSF leak, cranial nerve injury, pneumocephalus, EDH/SDH/SAH/contusion, and rare growing skull fracture.</li></ul></div><div><b>Core cross-check</b><ul><li>Isolated linear skull fracture is nonspecific for abuse.</li><li>Complex skull fractures that are depressed, multiple, bilateral, or cross sutures are suspicious for abuse.</li><li>Bone scintigraphy is insensitive for skull fractures.</li><li>CT is preferred for trauma fracture assessment when imaging is indicated; MRI is mainly for selected complications/soft-tissue or ligament questions.</li></ul></div>	
C3D4E5F6G7H8														When should CTA/MRA be considered for skull fracture complications?	Consider CTA/MRA when skull base fracture involves temporal bone, sphenoid/clivus, carotid canal, jugular foramen, or dural venous sinus.<br>Exam pivot: these fracture pathways raise vascular or venous sinus injury risk.					<div><b>Scalp and Skull Injuries</b></div><div><b>Source Basis:</b> RadPrimer + STATdx master source for the scalp/skull injury article and image examples. Core Radiology support is limited to the captured cross-checks in core_evidence.txt: pediatric abuse fracture specificity, bone scintigraphy insensitivity for skull fractures, and general CT-versus-MRI trauma-fracture context.</div><div><b>Key distinctions</b><ul><li><b>Cephalohematoma:</b> subperiosteal, focal, and bounded by sutures.</li><li><b>Subgaleal hematoma:</b> under the scalp aponeurosis, extensive, crosses sutures/midline, and can be life-threatening in infants.</li><li><b>Growing skull fracture:</b> progressive widening/unhealing fracture from dural-arachnoid tear and CSF pulsations; CT shows rounded/scalloped lucency and MR can show CSF in the defect.</li><li><b>Fracture morphology:</b> linear, depressed, elevated, and diastatic patterns should be named before searching for complications.</li><li><b>Complications:</b> search for vascular injury, dural/arachnoid laceration with CSF leak, cranial nerve injury, pneumocephalus, EDH/SDH/SAH/contusion, and rare growing skull fracture.</li></ul></div><div><b>Core cross-check</b><ul><li>Isolated linear skull fracture is nonspecific for abuse.</li><li>Complex skull fractures that are depressed, multiple, bilateral, or cross sutures are suspicious for abuse.</li><li>Bone scintigraphy is insensitive for skull fractures.</li><li>CT is preferred for trauma fracture assessment when imaging is indicated; MRI is mainly for selected complications/soft-tissue or ligament questions.</li></ul></div>	
D4E5F6G7H8I9														What CT and MR appearance is source-supported for growing skull fracture?	CT: progressively widening/unhealing lucent lesion with rounded, scalloped margins.<br>MR: T2 MR can show a lobulated CSF collection filling the fracture.<br>Exam pivot: follow-up widening plus CSF in the defect supports growing skull fracture/leptomeningeal cyst.					<div><b>Scalp and Skull Injuries</b></div><div><b>Source Basis:</b> RadPrimer + STATdx master source for the scalp/skull injury article and image examples. Core Radiology support is limited to the captured cross-checks in core_evidence.txt: pediatric abuse fracture specificity, bone scintigraphy insensitivity for skull fractures, and general CT-versus-MRI trauma-fracture context.</div><div><b>Key distinctions</b><ul><li><b>Cephalohematoma:</b> subperiosteal, focal, and bounded by sutures.</li><li><b>Subgaleal hematoma:</b> under the scalp aponeurosis, extensive, crosses sutures/midline, and can be life-threatening in infants.</li><li><b>Growing skull fracture:</b> progressive widening/unhealing fracture from dural-arachnoid tear and CSF pulsations; CT shows rounded/scalloped lucency and MR can show CSF in the defect.</li><li><b>Fracture morphology:</b> linear, depressed, elevated, and diastatic patterns should be named before searching for complications.</li><li><b>Complications:</b> search for vascular injury, dural/arachnoid laceration with CSF leak, cranial nerve injury, pneumocephalus, EDH/SDH/SAH/contusion, and rare growing skull fracture.</li></ul></div><div><b>Core cross-check</b><ul><li>Isolated linear skull fracture is nonspecific for abuse.</li><li>Complex skull fractures that are depressed, multiple, bilateral, or cross sutures are suspicious for abuse.</li><li>Bone scintigraphy is insensitive for skull fractures.</li><li>CT is preferred for trauma fracture assessment when imaging is indicated; MRI is mainly for selected complications/soft-tissue or ligament questions.</li></ul></div>	
E5F6G7H8I9J1														What defines a linear skull fracture in this source?	A linear skull fracture is a sharply marginated fracture line.<br>Exam pivot: An isolated linear skull fracture is nonspecific for child abuse and can occur with accidental trauma.					<div><b>Scalp and Skull Injuries</b></div><div><b>Source Basis:</b> RadPrimer + STATdx master source for the scalp/skull injury article and image examples. Core Radiology support is limited to the captured cross-checks in core_evidence.txt: pediatric abuse fracture specificity, bone scintigraphy insensitivity for skull fractures, and general CT-versus-MRI trauma-fracture context.</div><div><b>Key distinctions</b><ul><li><b>Cephalohematoma:</b> subperiosteal, focal, and bounded by sutures.</li><li><b>Subgaleal hematoma:</b> under the scalp aponeurosis, extensive, crosses sutures/midline, and can be life-threatening in infants.</li><li><b>Growing skull fracture:</b> progressive widening/unhealing fracture from dural-arachnoid tear and CSF pulsations; CT shows rounded/scalloped lucency and MR can show CSF in the defect.</li><li><b>Fracture morphology:</b> linear, depressed, elevated, and diastatic patterns should be named before searching for complications.</li><li><b>Complications:</b> search for vascular injury, dural/arachnoid laceration with CSF leak, cranial nerve injury, pneumocephalus, EDH/SDH/SAH/contusion, and rare growing skull fracture.</li></ul></div><div><b>Core cross-check</b><ul><li>Isolated linear skull fracture is nonspecific for abuse.</li><li>Complex skull fractures that are depressed, multiple, bilateral, or cross sutures are suspicious for abuse.</li><li>Bone scintigraphy is insensitive for skull fractures.</li><li>CT is preferred for trauma fracture assessment when imaging is indicated; MRI is mainly for selected complications/soft-tissue or ligament questions.</li></ul></div>	
SPLIT-DEPRESSED-SKULL-FRACTURE														What defines a depressed skull fracture in this source?	A depressed skull fracture has fragments that implode inward.<br>Exam pivot: depressed fracture morphology suggests higher-force focal impact and is one of the complex patterns that raises abuse concern in the Core cross-check when seen in the appropriate pediatric context.					<div><b>Scalp and Skull Injuries</b></div><div><b>Source Basis:</b> RadPrimer + STATdx master source for the scalp/skull injury article and image examples. Core Radiology support is limited to the captured cross-checks in core_evidence.txt: pediatric abuse fracture specificity, bone scintigraphy insensitivity for skull fractures, and general CT-versus-MRI trauma-fracture context.</div><div><b>Key distinctions</b><ul><li><b>Cephalohematoma:</b> subperiosteal, focal, and bounded by sutures.</li><li><b>Subgaleal hematoma:</b> under the scalp aponeurosis, extensive, crosses sutures/midline, and can be life-threatening in infants.</li><li><b>Growing skull fracture:</b> progressive widening/unhealing fracture from dural-arachnoid tear and CSF pulsations; CT shows rounded/scalloped lucency and MR can show CSF in the defect.</li><li><b>Fracture morphology:</b> linear, depressed, elevated, and diastatic patterns should be named before searching for complications.</li><li><b>Complications:</b> search for vascular injury, dural/arachnoid laceration with CSF leak, cranial nerve injury, pneumocephalus, EDH/SDH/SAH/contusion, and rare growing skull fracture.</li></ul></div><div><b>Core cross-check</b><ul><li>Isolated linear skull fracture is nonspecific for abuse.</li><li>Complex skull fractures that are depressed, multiple, bilateral, or cross sutures are suspicious for abuse.</li><li>Bone scintigraphy is insensitive for skull fractures.</li><li>CT is preferred for trauma fracture assessment when imaging is indicated; MRI is mainly for selected complications/soft-tissue or ligament questions.</li></ul></div>	
SPLIT-ELEVATED-SKULL-FRACTURE														What defines an elevated skull fracture in this source?	An elevated skull fracture has a segment that rotates or lifts away from the calvarium, sometimes described as hinged away from the skull.<br>Exam pivot: do not call every displaced fragment depressed; elevated fracture is a distinct morphology shown in the source images.					<div><b>Scalp and Skull Injuries</b></div><div><b>Source Basis:</b> RadPrimer + STATdx master source for the scalp/skull injury article and image examples. Core Radiology support is limited to the captured cross-checks in core_evidence.txt: pediatric abuse fracture specificity, bone scintigraphy insensitivity for skull fractures, and general CT-versus-MRI trauma-fracture context.</div><div><b>Key distinctions</b><ul><li><b>Cephalohematoma:</b> subperiosteal, focal, and bounded by sutures.</li><li><b>Subgaleal hematoma:</b> under the scalp aponeurosis, extensive, crosses sutures/midline, and can be life-threatening in infants.</li><li><b>Growing skull fracture:</b> progressive widening/unhealing fracture from dural-arachnoid tear and CSF pulsations; CT shows rounded/scalloped lucency and MR can show CSF in the defect.</li><li><b>Fracture morphology:</b> linear, depressed, elevated, and diastatic patterns should be named before searching for complications.</li><li><b>Complications:</b> search for vascular injury, dural/arachnoid laceration with CSF leak, cranial nerve injury, pneumocephalus, EDH/SDH/SAH/contusion, and rare growing skull fracture.</li></ul></div><div><b>Core cross-check</b><ul><li>Isolated linear skull fracture is nonspecific for abuse.</li><li>Complex skull fractures that are depressed, multiple, bilateral, or cross sutures are suspicious for abuse.</li><li>Bone scintigraphy is insensitive for skull fractures.</li><li>CT is preferred for trauma fracture assessment when imaging is indicated; MRI is mainly for selected complications/soft-tissue or ligament questions.</li></ul></div>	
SPLIT-DIASTATIC-SKULL-FRACTURE														What defines a diastatic skull fracture in this source?	A diastatic skull fracture widens a suture or synchondrosis.<br>Exam pivot: diastasis can allow skull-fracture/extraaxial collections to cross expected boundaries and should prompt careful review for venous sinus injury or vertex EDH when near the sagittal suture.					<div><b>Scalp and Skull Injuries</b></div><div><b>Source Basis:</b> RadPrimer + STATdx master source for the scalp/skull injury article and image examples. Core Radiology support is limited to the captured cross-checks in core_evidence.txt: pediatric abuse fracture specificity, bone scintigraphy insensitivity for skull fractures, and general CT-versus-MRI trauma-fracture context.</div><div><b>Key distinctions</b><ul><li><b>Cephalohematoma:</b> subperiosteal, focal, and bounded by sutures.</li><li><b>Subgaleal hematoma:</b> under the scalp aponeurosis, extensive, crosses sutures/midline, and can be life-threatening in infants.</li><li><b>Growing skull fracture:</b> progressive widening/unhealing fracture from dural-arachnoid tear and CSF pulsations; CT shows rounded/scalloped lucency and MR can show CSF in the defect.</li><li><b>Fracture morphology:</b> linear, depressed, elevated, and diastatic patterns should be named before searching for complications.</li><li><b>Complications:</b> search for vascular injury, dural/arachnoid laceration with CSF leak, cranial nerve injury, pneumocephalus, EDH/SDH/SAH/contusion, and rare growing skull fracture.</li></ul></div><div><b>Core cross-check</b><ul><li>Isolated linear skull fracture is nonspecific for abuse.</li><li>Complex skull fractures that are depressed, multiple, bilateral, or cross sutures are suspicious for abuse.</li><li>Bone scintigraphy is insensitive for skull fractures.</li><li>CT is preferred for trauma fracture assessment when imaging is indicated; MRI is mainly for selected complications/soft-tissue or ligament questions.</li></ul></div>	
F6G7H8I9J1K2														What complications should be actively searched for after skull fracture?	Vascular injury.<br>Dural/arachnoid laceration with possible CSF leak.<br>Cranial nerve injury.<br>Rare growing skull fracture.<br>Exam pivot: skull fracture reporting should include complication search, not just fracture morphology.					<div><b>Scalp and Skull Injuries</b></div><div><b>Source Basis:</b> RadPrimer + STATdx master source for the scalp/skull injury article and image examples. Core Radiology support is limited to the captured cross-checks in core_evidence.txt: pediatric abuse fracture specificity, bone scintigraphy insensitivity for skull fractures, and general CT-versus-MRI trauma-fracture context.</div><div><b>Key distinctions</b><ul><li><b>Cephalohematoma:</b> subperiosteal, focal, and bounded by sutures.</li><li><b>Subgaleal hematoma:</b> under the scalp aponeurosis, extensive, crosses sutures/midline, and can be life-threatening in infants.</li><li><b>Growing skull fracture:</b> progressive widening/unhealing fracture from dural-arachnoid tear and CSF pulsations; CT shows rounded/scalloped lucency and MR can show CSF in the defect.</li><li><b>Fracture morphology:</b> linear, depressed, elevated, and diastatic patterns should be named before searching for complications.</li><li><b>Complications:</b> search for vascular injury, dural/arachnoid laceration with CSF leak, cranial nerve injury, pneumocephalus, EDH/SDH/SAH/contusion, and rare growing skull fracture.</li></ul></div><div><b>Core cross-check</b><ul><li>Isolated linear skull fracture is nonspecific for abuse.</li><li>Complex skull fractures that are depressed, multiple, bilateral, or cross sutures are suspicious for abuse.</li><li>Bone scintigraphy is insensitive for skull fractures.</li><li>CT is preferred for trauma fracture assessment when imaging is indicated; MRI is mainly for selected complications/soft-tissue or ligament questions.</li></ul></div>	
G7H8I9J1K2L3														What skull fracture patterns are suspicious for child abuse according to Core?	Complex skull fractures that are depressed, multiple, bilateral, or crossing sutures.<br>Exam pivot: complexity/crossing-suture pattern raises abuse concern more than an isolated linear fracture.					<div><b>Scalp and Skull Injuries</b></div><div><b>Source Basis:</b> RadPrimer + STATdx master source for the scalp/skull injury article and image examples. Core Radiology support is limited to the captured cross-checks in core_evidence.txt: pediatric abuse fracture specificity, bone scintigraphy insensitivity for skull fractures, and general CT-versus-MRI trauma-fracture context.</div><div><b>Key distinctions</b><ul><li><b>Cephalohematoma:</b> subperiosteal, focal, and bounded by sutures.</li><li><b>Subgaleal hematoma:</b> under the scalp aponeurosis, extensive, crosses sutures/midline, and can be life-threatening in infants.</li><li><b>Growing skull fracture:</b> progressive widening/unhealing fracture from dural-arachnoid tear and CSF pulsations; CT shows rounded/scalloped lucency and MR can show CSF in the defect.</li><li><b>Fracture morphology:</b> linear, depressed, elevated, and diastatic patterns should be named before searching for complications.</li><li><b>Complications:</b> search for vascular injury, dural/arachnoid laceration with CSF leak, cranial nerve injury, pneumocephalus, EDH/SDH/SAH/contusion, and rare growing skull fracture.</li></ul></div><div><b>Core cross-check</b><ul><li>Isolated linear skull fracture is nonspecific for abuse.</li><li>Complex skull fractures that are depressed, multiple, bilateral, or cross sutures are suspicious for abuse.</li><li>Bone scintigraphy is insensitive for skull fractures.</li><li>CT is preferred for trauma fracture assessment when imaging is indicated; MRI is mainly for selected complications/soft-tissue or ligament questions.</li></ul></div>	
H8I9J1K2L3M4														What is the key risk/outcome pivot for large subgaleal hematoma in infants?	Large or expanding subgaleal hematomas in infants can cause life-threatening blood loss.<br>Exam pivot: diffuse scalp blood crossing sutures in an infant is not just a local scalp finding; it can be hemodynamically dangerous.					<div><b>Scalp and Skull Injuries</b></div><div><b>Source Basis:</b> RadPrimer + STATdx master source for the scalp/skull injury article and image examples. Core Radiology support is limited to the captured cross-checks in core_evidence.txt: pediatric abuse fracture specificity, bone scintigraphy insensitivity for skull fractures, and general CT-versus-MRI trauma-fracture context.</div><div><b>Key distinctions</b><ul><li><b>Cephalohematoma:</b> subperiosteal, focal, and bounded by sutures.</li><li><b>Subgaleal hematoma:</b> under the scalp aponeurosis, extensive, crosses sutures/midline, and can be life-threatening in infants.</li><li><b>Growing skull fracture:</b> progressive widening/unhealing fracture from dural-arachnoid tear and CSF pulsations; CT shows rounded/scalloped lucency and MR can show CSF in the defect.</li><li><b>Fracture morphology:</b> linear, depressed, elevated, and diastatic patterns should be named before searching for complications.</li><li><b>Complications:</b> search for vascular injury, dural/arachnoid laceration with CSF leak, cranial nerve injury, pneumocephalus, EDH/SDH/SAH/contusion, and rare growing skull fracture.</li></ul></div><div><b>Core cross-check</b><ul><li>Isolated linear skull fracture is nonspecific for abuse.</li><li>Complex skull fractures that are depressed, multiple, bilateral, or cross sutures are suspicious for abuse.</li><li>Bone scintigraphy is insensitive for skull fractures.</li><li>CT is preferred for trauma fracture assessment when imaging is indicated; MRI is mainly for selected complications/soft-tissue or ligament questions.</li></ul></div>	
I9J1K2L3M4N5														In suspected child abuse imaging, what limitation of bone scintigraphy does Core state for skull fractures?	Bone scintigraphy is insensitive for skull fractures.<br>Exam pivot: skeletal survey includes skull imaging, while bone scan is not reliable for skull fracture detection.					<div><b>Scalp and Skull Injuries</b></div><div><b>Source Basis:</b> RadPrimer + STATdx master source for the scalp/skull injury article and image examples. Core Radiology support is limited to the captured cross-checks in core_evidence.txt: pediatric abuse fracture specificity, bone scintigraphy insensitivity for skull fractures, and general CT-versus-MRI trauma-fracture context.</div><div><b>Key distinctions</b><ul><li><b>Cephalohematoma:</b> subperiosteal, focal, and bounded by sutures.</li><li><b>Subgaleal hematoma:</b> under the scalp aponeurosis, extensive, crosses sutures/midline, and can be life-threatening in infants.</li><li><b>Growing skull fracture:</b> progressive widening/unhealing fracture from dural-arachnoid tear and CSF pulsations; CT shows rounded/scalloped lucency and MR can show CSF in the defect.</li><li><b>Fracture morphology:</b> linear, depressed, elevated, and diastatic patterns should be named before searching for complications.</li><li><b>Complications:</b> search for vascular injury, dural/arachnoid laceration with CSF leak, cranial nerve injury, pneumocephalus, EDH/SDH/SAH/contusion, and rare growing skull fracture.</li></ul></div><div><b>Core cross-check</b><ul><li>Isolated linear skull fracture is nonspecific for abuse.</li><li>Complex skull fractures that are depressed, multiple, bilateral, or cross sutures are suspicious for abuse.</li><li>Bone scintigraphy is insensitive for skull fractures.</li><li>CT is preferred for trauma fracture assessment when imaging is indicated; MRI is mainly for selected complications/soft-tissue or ligament questions.</li></ul></div>	
J1K2L3M4N5O6														What source-supported CT clue indicates fracture through a sinus or calvarium?	Pneumocephalus.<br>Exam pivot: intracranial air after trauma should trigger a search for a fracture through a paranasal sinus or the calvarium.					<div><b>Scalp and Skull Injuries</b></div><div><b>Source Basis:</b> RadPrimer + STATdx master source for the scalp/skull injury article and image examples. Core Radiology support is limited to the captured cross-checks in core_evidence.txt: pediatric abuse fracture specificity, bone scintigraphy insensitivity for skull fractures, and general CT-versus-MRI trauma-fracture context.</div><div><b>Key distinctions</b><ul><li><b>Cephalohematoma:</b> subperiosteal, focal, and bounded by sutures.</li><li><b>Subgaleal hematoma:</b> under the scalp aponeurosis, extensive, crosses sutures/midline, and can be life-threatening in infants.</li><li><b>Growing skull fracture:</b> progressive widening/unhealing fracture from dural-arachnoid tear and CSF pulsations; CT shows rounded/scalloped lucency and MR can show CSF in the defect.</li><li><b>Fracture morphology:</b> linear, depressed, elevated, and diastatic patterns should be named before searching for complications.</li><li><b>Complications:</b> search for vascular injury, dural/arachnoid laceration with CSF leak, cranial nerve injury, pneumocephalus, EDH/SDH/SAH/contusion, and rare growing skull fracture.</li></ul></div><div><b>Core cross-check</b><ul><li>Isolated linear skull fracture is nonspecific for abuse.</li><li>Complex skull fractures that are depressed, multiple, bilateral, or cross sutures are suspicious for abuse.</li><li>Bone scintigraphy is insensitive for skull fractures.</li><li>CT is preferred for trauma fracture assessment when imaging is indicated; MRI is mainly for selected complications/soft-tissue or ligament questions.</li></ul></div>	
