Normal spine anatomy review					Vertebral body regional size pattern			Use this as a first-pass regional morphology anchor rather than treating all vertebral bodies as having the same expected size.						How does vertebral body size normally change from cervical spine to coccyx?	Vertebral bodies generally increase in size from the cervical spine to the lumbar spine, then decrease from the sacrum to the coccyx.					<div style='border:1px solid #d9d9d9; border-radius:8px; padding:8px; background:#f8f8f8;'><b>&#x1F9ED; Vertebral Body and Ligaments</b><br>RadPrimer normal anatomy overview of vertebral body morphology across spinal regions, sacral and coccygeal segment fusion, major spinal ligaments, and the normal lumbosacral transitional body variant.</div><br><b>&#x1F536; Abbreviations / Acronyms</b><ul><li>ALL = anterior longitudinal ligament.</li><li>PLL = posterior longitudinal ligament.</li></ul><b>&#x1F9E0; Regional Vertebral Body Map</b><ul><li>Vertebral bodies generally increase in size from cervical to lumbar spine, then decrease from sacrum to coccyx.</li><li>C1 atlas has no vertebral body or spinous process and is formed by anterior and posterior arches, lateral masses, and transverse processes.</li><li>C2 axis has a vertebral body with the dens/odontoid process; its transverse processes contain L-shaped foramina for the vertebral arteries.</li><li>C3-C6 share small thin bodies, transverse diameter greater than anteroposterior diameter, triangular central canals, uncinate processes, and transverse foramina for the vertebral arteries.</li><li>C7 is marked by the longest spinous process.</li><li>Thoracic vertebrae have heart-shaped bodies, round central canals, caudodorsally directed spinous processes, and costal articular facets for the ribs.</li><li>Lumbar vertebrae have large, wide, thick bodies with strong pedicles and laminae.</li><li>The sacrum is a triangular fusion of 5 segments; the coccyx is a fusion of 3-5 segments.</li></ul><b>&#x1F4CD; Ligament Map</b><ul><li>ALL runs along the ventral spine from skull to sacrum and is firmly attached at vertebral body ends but loosely attached at the mid-disc.</li><li>PLL runs along the dorsal vertebral bodies from skull to sacrum, attaching at discs and vertebral body margins.</li><li>Ligamentum flavum is the largest elastic ligament and connects adjacent laminae from C2 to the lumbosacral junction.</li><li>Intertransverse ligaments run between transverse processes; interspinous ligaments run between adjacent spinous processes; supraspinous ligaments run along spinous process tips from C7 to sacrum.</li><li>Ligamentum nuchae extends from the external occipital protuberance to C7 and merges with the supraspinous ligament in the cervical spine.</li></ul><b>&#x26A0;&#xFE0F; Variant / Pitfall</b><ul><li>Transitional lumbosacral bodies occur in up to 25% of normal patients.</li><li>Sacralization ranges from expanded L5 transverse processes articulating with the sacrum to incorporation of L5 into the sacrum.</li><li>Lumbarization describes elevation of S1 above the sacral fusion mass with a lumbar vertebral body shape.</li><li>Sacralization and lumbarization may look similar locally; correct level nomenclature requires evaluation of the entire spinal axis.</li></ul><b>&#x2B50; Super Summary</b><ul><li>Use regional morphology to orient the vertebral level, use ligament course and attachment to map the spinal support structures, and always treat lumbosacral transitional anatomy as a normal variant that can create level-naming errors unless the entire spinal axis is evaluated.</li></ul>	
Upper cervical anatomy review					C1 atlas			At C1, absence of a body and spinous process is expected anatomy, not a missing-structure abnormality.						What normal osseous pattern defines the C1 atlas?	C1 has no vertebral body and no spinous process. It has a circular shape formed by anterior and posterior arches, 2 lateral masses, and transverse processes.					<div style='border:1px solid #d9d9d9; border-radius:8px; padding:8px; background:#f8f8f8;'><b>&#x1F9ED; Vertebral Body and Ligaments</b><br>RadPrimer normal anatomy overview of vertebral body morphology across spinal regions, sacral and coccygeal segment fusion, major spinal ligaments, and the normal lumbosacral transitional body variant.</div><br><b>&#x1F536; Abbreviations / Acronyms</b><ul><li>ALL = anterior longitudinal ligament.</li><li>PLL = posterior longitudinal ligament.</li></ul><b>&#x1F9E0; Regional Vertebral Body Map</b><ul><li>Vertebral bodies generally increase in size from cervical to lumbar spine, then decrease from sacrum to coccyx.</li><li>C1 atlas has no vertebral body or spinous process and is formed by anterior and posterior arches, lateral masses, and transverse processes.</li><li>C2 axis has a vertebral body with the dens/odontoid process; its transverse processes contain L-shaped foramina for the vertebral arteries.</li><li>C3-C6 share small thin bodies, transverse diameter greater than anteroposterior diameter, triangular central canals, uncinate processes, and transverse foramina for the vertebral arteries.</li><li>C7 is marked by the longest spinous process.</li><li>Thoracic vertebrae have heart-shaped bodies, round central canals, caudodorsally directed spinous processes, and costal articular facets for the ribs.</li><li>Lumbar vertebrae have large, wide, thick bodies with strong pedicles and laminae.</li><li>The sacrum is a triangular fusion of 5 segments; the coccyx is a fusion of 3-5 segments.</li></ul><b>&#x1F4CD; Ligament Map</b><ul><li>ALL runs along the ventral spine from skull to sacrum and is firmly attached at vertebral body ends but loosely attached at the mid-disc.</li><li>PLL runs along the dorsal vertebral bodies from skull to sacrum, attaching at discs and vertebral body margins.</li><li>Ligamentum flavum is the largest elastic ligament and connects adjacent laminae from C2 to the lumbosacral junction.</li><li>Intertransverse ligaments run between transverse processes; interspinous ligaments run between adjacent spinous processes; supraspinous ligaments run along spinous process tips from C7 to sacrum.</li><li>Ligamentum nuchae extends from the external occipital protuberance to C7 and merges with the supraspinous ligament in the cervical spine.</li></ul><b>&#x26A0;&#xFE0F; Variant / Pitfall</b><ul><li>Transitional lumbosacral bodies occur in up to 25% of normal patients.</li><li>Sacralization ranges from expanded L5 transverse processes articulating with the sacrum to incorporation of L5 into the sacrum.</li><li>Lumbarization describes elevation of S1 above the sacral fusion mass with a lumbar vertebral body shape.</li><li>Sacralization and lumbarization may look similar locally; correct level nomenclature requires evaluation of the entire spinal axis.</li></ul><b>&#x2B50; Super Summary</b><ul><li>Use regional morphology to orient the vertebral level, use ligament course and attachment to map the spinal support structures, and always treat lumbosacral transitional anatomy as a normal variant that can create level-naming errors unless the entire spinal axis is evaluated.</li></ul>	
Upper cervical anatomy review					C2 axis			Use the dens as the primary C2 orientation anchor, then confirm the broad posterior elements and vertebral artery foramina.						What normal osseous features define the C2 axis?	C2 has a vertebral body with the dens/odontoid process, large flat ovoid articular facets, broad pedicles, thick laminae, and transverse processes containing L-shaped foramina for the vertebral arteries.					<div style='border:1px solid #d9d9d9; border-radius:8px; padding:8px; background:#f8f8f8;'><b>&#x1F9ED; Vertebral Body and Ligaments</b><br>RadPrimer normal anatomy overview of vertebral body morphology across spinal regions, sacral and coccygeal segment fusion, major spinal ligaments, and the normal lumbosacral transitional body variant.</div><br><b>&#x1F536; Abbreviations / Acronyms</b><ul><li>ALL = anterior longitudinal ligament.</li><li>PLL = posterior longitudinal ligament.</li></ul><b>&#x1F9E0; Regional Vertebral Body Map</b><ul><li>Vertebral bodies generally increase in size from cervical to lumbar spine, then decrease from sacrum to coccyx.</li><li>C1 atlas has no vertebral body or spinous process and is formed by anterior and posterior arches, lateral masses, and transverse processes.</li><li>C2 axis has a vertebral body with the dens/odontoid process; its transverse processes contain L-shaped foramina for the vertebral arteries.</li><li>C3-C6 share small thin bodies, transverse diameter greater than anteroposterior diameter, triangular central canals, uncinate processes, and transverse foramina for the vertebral arteries.</li><li>C7 is marked by the longest spinous process.</li><li>Thoracic vertebrae have heart-shaped bodies, round central canals, caudodorsally directed spinous processes, and costal articular facets for the ribs.</li><li>Lumbar vertebrae have large, wide, thick bodies with strong pedicles and laminae.</li><li>The sacrum is a triangular fusion of 5 segments; the coccyx is a fusion of 3-5 segments.</li></ul><b>&#x1F4CD; Ligament Map</b><ul><li>ALL runs along the ventral spine from skull to sacrum and is firmly attached at vertebral body ends but loosely attached at the mid-disc.</li><li>PLL runs along the dorsal vertebral bodies from skull to sacrum, attaching at discs and vertebral body margins.</li><li>Ligamentum flavum is the largest elastic ligament and connects adjacent laminae from C2 to the lumbosacral junction.</li><li>Intertransverse ligaments run between transverse processes; interspinous ligaments run between adjacent spinous processes; supraspinous ligaments run along spinous process tips from C7 to sacrum.</li><li>Ligamentum nuchae extends from the external occipital protuberance to C7 and merges with the supraspinous ligament in the cervical spine.</li></ul><b>&#x26A0;&#xFE0F; Variant / Pitfall</b><ul><li>Transitional lumbosacral bodies occur in up to 25% of normal patients.</li><li>Sacralization ranges from expanded L5 transverse processes articulating with the sacrum to incorporation of L5 into the sacrum.</li><li>Lumbarization describes elevation of S1 above the sacral fusion mass with a lumbar vertebral body shape.</li><li>Sacralization and lumbarization may look similar locally; correct level nomenclature requires evaluation of the entire spinal axis.</li></ul><b>&#x2B50; Super Summary</b><ul><li>Use regional morphology to orient the vertebral level, use ligament course and attachment to map the spinal support structures, and always treat lumbosacral transitional anatomy as a normal variant that can create level-naming errors unless the entire spinal axis is evaluated.</li></ul>	
Subaxial cervical anatomy review					C3-C6 vertebrae			This is an intentional compact framework card for subaxial cervical morphology; the transverse foramina and triangular canal are the most useful regional anchors.						Which morphology anchors normal C3-C6 vertebrae?	C3-C6 have small thin bodies relative to the arch, transverse diameter greater than anteroposterior diameter, triangular central canals, superior surface uncinate processes, short posterolaterally directed pedicles, rhomboid lateral masses, transverse foramina for the vertebral arteries, and usually short bifid spinous processes at C3-C5.					<div style='border:1px solid #d9d9d9; border-radius:8px; padding:8px; background:#f8f8f8;'><b>&#x1F9ED; Vertebral Body and Ligaments</b><br>RadPrimer normal anatomy overview of vertebral body morphology across spinal regions, sacral and coccygeal segment fusion, major spinal ligaments, and the normal lumbosacral transitional body variant.</div><br><b>&#x1F536; Abbreviations / Acronyms</b><ul><li>ALL = anterior longitudinal ligament.</li><li>PLL = posterior longitudinal ligament.</li></ul><b>&#x1F9E0; Regional Vertebral Body Map</b><ul><li>Vertebral bodies generally increase in size from cervical to lumbar spine, then decrease from sacrum to coccyx.</li><li>C1 atlas has no vertebral body or spinous process and is formed by anterior and posterior arches, lateral masses, and transverse processes.</li><li>C2 axis has a vertebral body with the dens/odontoid process; its transverse processes contain L-shaped foramina for the vertebral arteries.</li><li>C3-C6 share small thin bodies, transverse diameter greater than anteroposterior diameter, triangular central canals, uncinate processes, and transverse foramina for the vertebral arteries.</li><li>C7 is marked by the longest spinous process.</li><li>Thoracic vertebrae have heart-shaped bodies, round central canals, caudodorsally directed spinous processes, and costal articular facets for the ribs.</li><li>Lumbar vertebrae have large, wide, thick bodies with strong pedicles and laminae.</li><li>The sacrum is a triangular fusion of 5 segments; the coccyx is a fusion of 3-5 segments.</li></ul><b>&#x1F4CD; Ligament Map</b><ul><li>ALL runs along the ventral spine from skull to sacrum and is firmly attached at vertebral body ends but loosely attached at the mid-disc.</li><li>PLL runs along the dorsal vertebral bodies from skull to sacrum, attaching at discs and vertebral body margins.</li><li>Ligamentum flavum is the largest elastic ligament and connects adjacent laminae from C2 to the lumbosacral junction.</li><li>Intertransverse ligaments run between transverse processes; interspinous ligaments run between adjacent spinous processes; supraspinous ligaments run along spinous process tips from C7 to sacrum.</li><li>Ligamentum nuchae extends from the external occipital protuberance to C7 and merges with the supraspinous ligament in the cervical spine.</li></ul><b>&#x26A0;&#xFE0F; Variant / Pitfall</b><ul><li>Transitional lumbosacral bodies occur in up to 25% of normal patients.</li><li>Sacralization ranges from expanded L5 transverse processes articulating with the sacrum to incorporation of L5 into the sacrum.</li><li>Lumbarization describes elevation of S1 above the sacral fusion mass with a lumbar vertebral body shape.</li><li>Sacralization and lumbarization may look similar locally; correct level nomenclature requires evaluation of the entire spinal axis.</li></ul><b>&#x2B50; Super Summary</b><ul><li>Use regional morphology to orient the vertebral level, use ligament course and attachment to map the spinal support structures, and always treat lumbosacral transitional anatomy as a normal variant that can create level-naming errors unless the entire spinal axis is evaluated.</li></ul>	
Lower cervical anatomy review					C7 vertebra			Use the prominent C7 spinous process as a cervicothoracic orientation landmark.						What normal feature marks C7?	C7 is marked by the longest spinous process.					<div style='border:1px solid #d9d9d9; border-radius:8px; padding:8px; background:#f8f8f8;'><b>&#x1F9ED; Vertebral Body and Ligaments</b><br>RadPrimer normal anatomy overview of vertebral body morphology across spinal regions, sacral and coccygeal segment fusion, major spinal ligaments, and the normal lumbosacral transitional body variant.</div><br><b>&#x1F536; Abbreviations / Acronyms</b><ul><li>ALL = anterior longitudinal ligament.</li><li>PLL = posterior longitudinal ligament.</li></ul><b>&#x1F9E0; Regional Vertebral Body Map</b><ul><li>Vertebral bodies generally increase in size from cervical to lumbar spine, then decrease from sacrum to coccyx.</li><li>C1 atlas has no vertebral body or spinous process and is formed by anterior and posterior arches, lateral masses, and transverse processes.</li><li>C2 axis has a vertebral body with the dens/odontoid process; its transverse processes contain L-shaped foramina for the vertebral arteries.</li><li>C3-C6 share small thin bodies, transverse diameter greater than anteroposterior diameter, triangular central canals, uncinate processes, and transverse foramina for the vertebral arteries.</li><li>C7 is marked by the longest spinous process.</li><li>Thoracic vertebrae have heart-shaped bodies, round central canals, caudodorsally directed spinous processes, and costal articular facets for the ribs.</li><li>Lumbar vertebrae have large, wide, thick bodies with strong pedicles and laminae.</li><li>The sacrum is a triangular fusion of 5 segments; the coccyx is a fusion of 3-5 segments.</li></ul><b>&#x1F4CD; Ligament Map</b><ul><li>ALL runs along the ventral spine from skull to sacrum and is firmly attached at vertebral body ends but loosely attached at the mid-disc.</li><li>PLL runs along the dorsal vertebral bodies from skull to sacrum, attaching at discs and vertebral body margins.</li><li>Ligamentum flavum is the largest elastic ligament and connects adjacent laminae from C2 to the lumbosacral junction.</li><li>Intertransverse ligaments run between transverse processes; interspinous ligaments run between adjacent spinous processes; supraspinous ligaments run along spinous process tips from C7 to sacrum.</li><li>Ligamentum nuchae extends from the external occipital protuberance to C7 and merges with the supraspinous ligament in the cervical spine.</li></ul><b>&#x26A0;&#xFE0F; Variant / Pitfall</b><ul><li>Transitional lumbosacral bodies occur in up to 25% of normal patients.</li><li>Sacralization ranges from expanded L5 transverse processes articulating with the sacrum to incorporation of L5 into the sacrum.</li><li>Lumbarization describes elevation of S1 above the sacral fusion mass with a lumbar vertebral body shape.</li><li>Sacralization and lumbarization may look similar locally; correct level nomenclature requires evaluation of the entire spinal axis.</li></ul><b>&#x2B50; Super Summary</b><ul><li>Use regional morphology to orient the vertebral level, use ligament course and attachment to map the spinal support structures, and always treat lumbosacral transitional anatomy as a normal variant that can create level-naming errors unless the entire spinal axis is evaluated.</li></ul>	
Thoracic spine anatomy review					Thoracic vertebral morphology			Costal facets are the most specific regional anchor because they link thoracic vertebrae to rib articulation.						Which morphology anchors a thoracic vertebra?	Thoracic vertebrae have heart-shaped bodies, round central canals, short posteriorly directed pedicles, broad thick laminae, caudodorsally directed spinous processes, vertical flat superior articular processes facing posteriorly, and costal articular facets on the body and transverse processes for rib articulation.					<div style='border:1px solid #d9d9d9; border-radius:8px; padding:8px; background:#f8f8f8;'><b>&#x1F9ED; Vertebral Body and Ligaments</b><br>RadPrimer normal anatomy overview of vertebral body morphology across spinal regions, sacral and coccygeal segment fusion, major spinal ligaments, and the normal lumbosacral transitional body variant.</div><br><b>&#x1F536; Abbreviations / Acronyms</b><ul><li>ALL = anterior longitudinal ligament.</li><li>PLL = posterior longitudinal ligament.</li></ul><b>&#x1F9E0; Regional Vertebral Body Map</b><ul><li>Vertebral bodies generally increase in size from cervical to lumbar spine, then decrease from sacrum to coccyx.</li><li>C1 atlas has no vertebral body or spinous process and is formed by anterior and posterior arches, lateral masses, and transverse processes.</li><li>C2 axis has a vertebral body with the dens/odontoid process; its transverse processes contain L-shaped foramina for the vertebral arteries.</li><li>C3-C6 share small thin bodies, transverse diameter greater than anteroposterior diameter, triangular central canals, uncinate processes, and transverse foramina for the vertebral arteries.</li><li>C7 is marked by the longest spinous process.</li><li>Thoracic vertebrae have heart-shaped bodies, round central canals, caudodorsally directed spinous processes, and costal articular facets for the ribs.</li><li>Lumbar vertebrae have large, wide, thick bodies with strong pedicles and laminae.</li><li>The sacrum is a triangular fusion of 5 segments; the coccyx is a fusion of 3-5 segments.</li></ul><b>&#x1F4CD; Ligament Map</b><ul><li>ALL runs along the ventral spine from skull to sacrum and is firmly attached at vertebral body ends but loosely attached at the mid-disc.</li><li>PLL runs along the dorsal vertebral bodies from skull to sacrum, attaching at discs and vertebral body margins.</li><li>Ligamentum flavum is the largest elastic ligament and connects adjacent laminae from C2 to the lumbosacral junction.</li><li>Intertransverse ligaments run between transverse processes; interspinous ligaments run between adjacent spinous processes; supraspinous ligaments run along spinous process tips from C7 to sacrum.</li><li>Ligamentum nuchae extends from the external occipital protuberance to C7 and merges with the supraspinous ligament in the cervical spine.</li></ul><b>&#x26A0;&#xFE0F; Variant / Pitfall</b><ul><li>Transitional lumbosacral bodies occur in up to 25% of normal patients.</li><li>Sacralization ranges from expanded L5 transverse processes articulating with the sacrum to incorporation of L5 into the sacrum.</li><li>Lumbarization describes elevation of S1 above the sacral fusion mass with a lumbar vertebral body shape.</li><li>Sacralization and lumbarization may look similar locally; correct level nomenclature requires evaluation of the entire spinal axis.</li></ul><b>&#x2B50; Super Summary</b><ul><li>Use regional morphology to orient the vertebral level, use ligament course and attachment to map the spinal support structures, and always treat lumbosacral transitional anatomy as a normal variant that can create level-naming errors unless the entire spinal axis is evaluated.</li></ul>	
Upper thoracic anatomy review					T1 costal facets			Use the complete 1st-rib facet plus inferior demifacet as the T1-specific rib articulation pattern.						What costal facet pattern is expected at T1?	T1 has a complete facet for the 1st rib and an inferior demifacet for the 2nd rib.					<div style='border:1px solid #d9d9d9; border-radius:8px; padding:8px; background:#f8f8f8;'><b>&#x1F9ED; Vertebral Body and Ligaments</b><br>RadPrimer normal anatomy overview of vertebral body morphology across spinal regions, sacral and coccygeal segment fusion, major spinal ligaments, and the normal lumbosacral transitional body variant.</div><br><b>&#x1F536; Abbreviations / Acronyms</b><ul><li>ALL = anterior longitudinal ligament.</li><li>PLL = posterior longitudinal ligament.</li></ul><b>&#x1F9E0; Regional Vertebral Body Map</b><ul><li>Vertebral bodies generally increase in size from cervical to lumbar spine, then decrease from sacrum to coccyx.</li><li>C1 atlas has no vertebral body or spinous process and is formed by anterior and posterior arches, lateral masses, and transverse processes.</li><li>C2 axis has a vertebral body with the dens/odontoid process; its transverse processes contain L-shaped foramina for the vertebral arteries.</li><li>C3-C6 share small thin bodies, transverse diameter greater than anteroposterior diameter, triangular central canals, uncinate processes, and transverse foramina for the vertebral arteries.</li><li>C7 is marked by the longest spinous process.</li><li>Thoracic vertebrae have heart-shaped bodies, round central canals, caudodorsally directed spinous processes, and costal articular facets for the ribs.</li><li>Lumbar vertebrae have large, wide, thick bodies with strong pedicles and laminae.</li><li>The sacrum is a triangular fusion of 5 segments; the coccyx is a fusion of 3-5 segments.</li></ul><b>&#x1F4CD; Ligament Map</b><ul><li>ALL runs along the ventral spine from skull to sacrum and is firmly attached at vertebral body ends but loosely attached at the mid-disc.</li><li>PLL runs along the dorsal vertebral bodies from skull to sacrum, attaching at discs and vertebral body margins.</li><li>Ligamentum flavum is the largest elastic ligament and connects adjacent laminae from C2 to the lumbosacral junction.</li><li>Intertransverse ligaments run between transverse processes; interspinous ligaments run between adjacent spinous processes; supraspinous ligaments run along spinous process tips from C7 to sacrum.</li><li>Ligamentum nuchae extends from the external occipital protuberance to C7 and merges with the supraspinous ligament in the cervical spine.</li></ul><b>&#x26A0;&#xFE0F; Variant / Pitfall</b><ul><li>Transitional lumbosacral bodies occur in up to 25% of normal patients.</li><li>Sacralization ranges from expanded L5 transverse processes articulating with the sacrum to incorporation of L5 into the sacrum.</li><li>Lumbarization describes elevation of S1 above the sacral fusion mass with a lumbar vertebral body shape.</li><li>Sacralization and lumbarization may look similar locally; correct level nomenclature requires evaluation of the entire spinal axis.</li></ul><b>&#x2B50; Super Summary</b><ul><li>Use regional morphology to orient the vertebral level, use ligament course and attachment to map the spinal support structures, and always treat lumbosacral transitional anatomy as a normal variant that can create level-naming errors unless the entire spinal axis is evaluated.</li></ul>	
Thoracolumbar junction anatomy review					T12 transitional morphology			At the thoracolumbar junction, facet orientation helps explain the transition from thoracic to lumbar morphology.						What normal feature makes T12 resemble the upper lumbar spine?	T12 resembles upper lumbar vertebrae because its inferior facet is directed more laterally.					<div style='border:1px solid #d9d9d9; border-radius:8px; padding:8px; background:#f8f8f8;'><b>&#x1F9ED; Vertebral Body and Ligaments</b><br>RadPrimer normal anatomy overview of vertebral body morphology across spinal regions, sacral and coccygeal segment fusion, major spinal ligaments, and the normal lumbosacral transitional body variant.</div><br><b>&#x1F536; Abbreviations / Acronyms</b><ul><li>ALL = anterior longitudinal ligament.</li><li>PLL = posterior longitudinal ligament.</li></ul><b>&#x1F9E0; Regional Vertebral Body Map</b><ul><li>Vertebral bodies generally increase in size from cervical to lumbar spine, then decrease from sacrum to coccyx.</li><li>C1 atlas has no vertebral body or spinous process and is formed by anterior and posterior arches, lateral masses, and transverse processes.</li><li>C2 axis has a vertebral body with the dens/odontoid process; its transverse processes contain L-shaped foramina for the vertebral arteries.</li><li>C3-C6 share small thin bodies, transverse diameter greater than anteroposterior diameter, triangular central canals, uncinate processes, and transverse foramina for the vertebral arteries.</li><li>C7 is marked by the longest spinous process.</li><li>Thoracic vertebrae have heart-shaped bodies, round central canals, caudodorsally directed spinous processes, and costal articular facets for the ribs.</li><li>Lumbar vertebrae have large, wide, thick bodies with strong pedicles and laminae.</li><li>The sacrum is a triangular fusion of 5 segments; the coccyx is a fusion of 3-5 segments.</li></ul><b>&#x1F4CD; Ligament Map</b><ul><li>ALL runs along the ventral spine from skull to sacrum and is firmly attached at vertebral body ends but loosely attached at the mid-disc.</li><li>PLL runs along the dorsal vertebral bodies from skull to sacrum, attaching at discs and vertebral body margins.</li><li>Ligamentum flavum is the largest elastic ligament and connects adjacent laminae from C2 to the lumbosacral junction.</li><li>Intertransverse ligaments run between transverse processes; interspinous ligaments run between adjacent spinous processes; supraspinous ligaments run along spinous process tips from C7 to sacrum.</li><li>Ligamentum nuchae extends from the external occipital protuberance to C7 and merges with the supraspinous ligament in the cervical spine.</li></ul><b>&#x26A0;&#xFE0F; Variant / Pitfall</b><ul><li>Transitional lumbosacral bodies occur in up to 25% of normal patients.</li><li>Sacralization ranges from expanded L5 transverse processes articulating with the sacrum to incorporation of L5 into the sacrum.</li><li>Lumbarization describes elevation of S1 above the sacral fusion mass with a lumbar vertebral body shape.</li><li>Sacralization and lumbarization may look similar locally; correct level nomenclature requires evaluation of the entire spinal axis.</li></ul><b>&#x2B50; Super Summary</b><ul><li>Use regional morphology to orient the vertebral level, use ligament course and attachment to map the spinal support structures, and always treat lumbosacral transitional anatomy as a normal variant that can create level-naming errors unless the entire spinal axis is evaluated.</li></ul>	
Lumbar spine anatomy review					Lumbar vertebral morphology			Use the large body and robust posterior elements as the first lumbar anchors, then use facet orientation for confirmation.						Which morphology anchors a lumbar vertebra?	Lumbar vertebrae have large, wide, thick bodies, strong thick posteriorly directed pedicles, strong broad laminae, superior articular processes facing dorsomedially, and inferior articular processes facing anterolaterally.					<div style='border:1px solid #d9d9d9; border-radius:8px; padding:8px; background:#f8f8f8;'><b>&#x1F9ED; Vertebral Body and Ligaments</b><br>RadPrimer normal anatomy overview of vertebral body morphology across spinal regions, sacral and coccygeal segment fusion, major spinal ligaments, and the normal lumbosacral transitional body variant.</div><br><b>&#x1F536; Abbreviations / Acronyms</b><ul><li>ALL = anterior longitudinal ligament.</li><li>PLL = posterior longitudinal ligament.</li></ul><b>&#x1F9E0; Regional Vertebral Body Map</b><ul><li>Vertebral bodies generally increase in size from cervical to lumbar spine, then decrease from sacrum to coccyx.</li><li>C1 atlas has no vertebral body or spinous process and is formed by anterior and posterior arches, lateral masses, and transverse processes.</li><li>C2 axis has a vertebral body with the dens/odontoid process; its transverse processes contain L-shaped foramina for the vertebral arteries.</li><li>C3-C6 share small thin bodies, transverse diameter greater than anteroposterior diameter, triangular central canals, uncinate processes, and transverse foramina for the vertebral arteries.</li><li>C7 is marked by the longest spinous process.</li><li>Thoracic vertebrae have heart-shaped bodies, round central canals, caudodorsally directed spinous processes, and costal articular facets for the ribs.</li><li>Lumbar vertebrae have large, wide, thick bodies with strong pedicles and laminae.</li><li>The sacrum is a triangular fusion of 5 segments; the coccyx is a fusion of 3-5 segments.</li></ul><b>&#x1F4CD; Ligament Map</b><ul><li>ALL runs along the ventral spine from skull to sacrum and is firmly attached at vertebral body ends but loosely attached at the mid-disc.</li><li>PLL runs along the dorsal vertebral bodies from skull to sacrum, attaching at discs and vertebral body margins.</li><li>Ligamentum flavum is the largest elastic ligament and connects adjacent laminae from C2 to the lumbosacral junction.</li><li>Intertransverse ligaments run between transverse processes; interspinous ligaments run between adjacent spinous processes; supraspinous ligaments run along spinous process tips from C7 to sacrum.</li><li>Ligamentum nuchae extends from the external occipital protuberance to C7 and merges with the supraspinous ligament in the cervical spine.</li></ul><b>&#x26A0;&#xFE0F; Variant / Pitfall</b><ul><li>Transitional lumbosacral bodies occur in up to 25% of normal patients.</li><li>Sacralization ranges from expanded L5 transverse processes articulating with the sacrum to incorporation of L5 into the sacrum.</li><li>Lumbarization describes elevation of S1 above the sacral fusion mass with a lumbar vertebral body shape.</li><li>Sacralization and lumbarization may look similar locally; correct level nomenclature requires evaluation of the entire spinal axis.</li></ul><b>&#x2B50; Super Summary</b><ul><li>Use regional morphology to orient the vertebral level, use ligament course and attachment to map the spinal support structures, and always treat lumbosacral transitional anatomy as a normal variant that can create level-naming errors unless the entire spinal axis is evaluated.</li></ul>	
Sacral anatomy review					Sacrum overview			Treat the sacrum as a fused segmental bone rather than as separate mobile vertebrae.						What is the core normal structural map of the sacrum?	The sacrum is a large triangular bone formed by fusion of 5 segments. It has a base, apex, pelvic surface, dorsal surface, lateral surfaces, and 2 alae. The base is round or ovoid and articulates with L5; the apex is the inferior aspect of S5 and articulates with the coccyx.					<div style='border:1px solid #d9d9d9; border-radius:8px; padding:8px; background:#f8f8f8;'><b>&#x1F9ED; Vertebral Body and Ligaments</b><br>RadPrimer normal anatomy overview of vertebral body morphology across spinal regions, sacral and coccygeal segment fusion, major spinal ligaments, and the normal lumbosacral transitional body variant.</div><br><b>&#x1F536; Abbreviations / Acronyms</b><ul><li>ALL = anterior longitudinal ligament.</li><li>PLL = posterior longitudinal ligament.</li></ul><b>&#x1F9E0; Regional Vertebral Body Map</b><ul><li>Vertebral bodies generally increase in size from cervical to lumbar spine, then decrease from sacrum to coccyx.</li><li>C1 atlas has no vertebral body or spinous process and is formed by anterior and posterior arches, lateral masses, and transverse processes.</li><li>C2 axis has a vertebral body with the dens/odontoid process; its transverse processes contain L-shaped foramina for the vertebral arteries.</li><li>C3-C6 share small thin bodies, transverse diameter greater than anteroposterior diameter, triangular central canals, uncinate processes, and transverse foramina for the vertebral arteries.</li><li>C7 is marked by the longest spinous process.</li><li>Thoracic vertebrae have heart-shaped bodies, round central canals, caudodorsally directed spinous processes, and costal articular facets for the ribs.</li><li>Lumbar vertebrae have large, wide, thick bodies with strong pedicles and laminae.</li><li>The sacrum is a triangular fusion of 5 segments; the coccyx is a fusion of 3-5 segments.</li></ul><b>&#x1F4CD; Ligament Map</b><ul><li>ALL runs along the ventral spine from skull to sacrum and is firmly attached at vertebral body ends but loosely attached at the mid-disc.</li><li>PLL runs along the dorsal vertebral bodies from skull to sacrum, attaching at discs and vertebral body margins.</li><li>Ligamentum flavum is the largest elastic ligament and connects adjacent laminae from C2 to the lumbosacral junction.</li><li>Intertransverse ligaments run between transverse processes; interspinous ligaments run between adjacent spinous processes; supraspinous ligaments run along spinous process tips from C7 to sacrum.</li><li>Ligamentum nuchae extends from the external occipital protuberance to C7 and merges with the supraspinous ligament in the cervical spine.</li></ul><b>&#x26A0;&#xFE0F; Variant / Pitfall</b><ul><li>Transitional lumbosacral bodies occur in up to 25% of normal patients.</li><li>Sacralization ranges from expanded L5 transverse processes articulating with the sacrum to incorporation of L5 into the sacrum.</li><li>Lumbarization describes elevation of S1 above the sacral fusion mass with a lumbar vertebral body shape.</li><li>Sacralization and lumbarization may look similar locally; correct level nomenclature requires evaluation of the entire spinal axis.</li></ul><b>&#x2B50; Super Summary</b><ul><li>Use regional morphology to orient the vertebral level, use ligament course and attachment to map the spinal support structures, and always treat lumbosacral transitional anatomy as a normal variant that can create level-naming errors unless the entire spinal axis is evaluated.</li></ul>	
Anterior sacral anatomy review					Pelvic surface of sacrum			Use the transverse ridges and anterior foramina as the ventral sacral surface map.						What normal landmarks define the pelvic surface of the sacrum?	The pelvic surface is concave, crossed by 4 transverse ridges, and has anterior sacral foramina at the lateral ends of the ridges.					<div style='border:1px solid #d9d9d9; border-radius:8px; padding:8px; background:#f8f8f8;'><b>&#x1F9ED; Vertebral Body and Ligaments</b><br>RadPrimer normal anatomy overview of vertebral body morphology across spinal regions, sacral and coccygeal segment fusion, major spinal ligaments, and the normal lumbosacral transitional body variant.</div><br><b>&#x1F536; Abbreviations / Acronyms</b><ul><li>ALL = anterior longitudinal ligament.</li><li>PLL = posterior longitudinal ligament.</li></ul><b>&#x1F9E0; Regional Vertebral Body Map</b><ul><li>Vertebral bodies generally increase in size from cervical to lumbar spine, then decrease from sacrum to coccyx.</li><li>C1 atlas has no vertebral body or spinous process and is formed by anterior and posterior arches, lateral masses, and transverse processes.</li><li>C2 axis has a vertebral body with the dens/odontoid process; its transverse processes contain L-shaped foramina for the vertebral arteries.</li><li>C3-C6 share small thin bodies, transverse diameter greater than anteroposterior diameter, triangular central canals, uncinate processes, and transverse foramina for the vertebral arteries.</li><li>C7 is marked by the longest spinous process.</li><li>Thoracic vertebrae have heart-shaped bodies, round central canals, caudodorsally directed spinous processes, and costal articular facets for the ribs.</li><li>Lumbar vertebrae have large, wide, thick bodies with strong pedicles and laminae.</li><li>The sacrum is a triangular fusion of 5 segments; the coccyx is a fusion of 3-5 segments.</li></ul><b>&#x1F4CD; Ligament Map</b><ul><li>ALL runs along the ventral spine from skull to sacrum and is firmly attached at vertebral body ends but loosely attached at the mid-disc.</li><li>PLL runs along the dorsal vertebral bodies from skull to sacrum, attaching at discs and vertebral body margins.</li><li>Ligamentum flavum is the largest elastic ligament and connects adjacent laminae from C2 to the lumbosacral junction.</li><li>Intertransverse ligaments run between transverse processes; interspinous ligaments run between adjacent spinous processes; supraspinous ligaments run along spinous process tips from C7 to sacrum.</li><li>Ligamentum nuchae extends from the external occipital protuberance to C7 and merges with the supraspinous ligament in the cervical spine.</li></ul><b>&#x26A0;&#xFE0F; Variant / Pitfall</b><ul><li>Transitional lumbosacral bodies occur in up to 25% of normal patients.</li><li>Sacralization ranges from expanded L5 transverse processes articulating with the sacrum to incorporation of L5 into the sacrum.</li><li>Lumbarization describes elevation of S1 above the sacral fusion mass with a lumbar vertebral body shape.</li><li>Sacralization and lumbarization may look similar locally; correct level nomenclature requires evaluation of the entire spinal axis.</li></ul><b>&#x2B50; Super Summary</b><ul><li>Use regional morphology to orient the vertebral level, use ligament course and attachment to map the spinal support structures, and always treat lumbosacral transitional anatomy as a normal variant that can create level-naming errors unless the entire spinal axis is evaluated.</li></ul>	
Posterior sacral anatomy review					Dorsal surface of sacrum			This is an ordered posterior sacral map; preserve the medial-to-lateral sequence when reviewing the dorsal sacrum.						From medial to lateral, what landmarks organize the dorsal surface of the sacrum?	Medial to lateral: median sacral crest in the midline, sacral groove on each side of the crest, intermediate crest lateral to the groove, posterior sacral foramina lateral to the intermediate crest, and lateral crest lateral to the sacral foramina.					<div style='border:1px solid #d9d9d9; border-radius:8px; padding:8px; background:#f8f8f8;'><b>&#x1F9ED; Vertebral Body and Ligaments</b><br>RadPrimer normal anatomy overview of vertebral body morphology across spinal regions, sacral and coccygeal segment fusion, major spinal ligaments, and the normal lumbosacral transitional body variant.</div><br><b>&#x1F536; Abbreviations / Acronyms</b><ul><li>ALL = anterior longitudinal ligament.</li><li>PLL = posterior longitudinal ligament.</li></ul><b>&#x1F9E0; Regional Vertebral Body Map</b><ul><li>Vertebral bodies generally increase in size from cervical to lumbar spine, then decrease from sacrum to coccyx.</li><li>C1 atlas has no vertebral body or spinous process and is formed by anterior and posterior arches, lateral masses, and transverse processes.</li><li>C2 axis has a vertebral body with the dens/odontoid process; its transverse processes contain L-shaped foramina for the vertebral arteries.</li><li>C3-C6 share small thin bodies, transverse diameter greater than anteroposterior diameter, triangular central canals, uncinate processes, and transverse foramina for the vertebral arteries.</li><li>C7 is marked by the longest spinous process.</li><li>Thoracic vertebrae have heart-shaped bodies, round central canals, caudodorsally directed spinous processes, and costal articular facets for the ribs.</li><li>Lumbar vertebrae have large, wide, thick bodies with strong pedicles and laminae.</li><li>The sacrum is a triangular fusion of 5 segments; the coccyx is a fusion of 3-5 segments.</li></ul><b>&#x1F4CD; Ligament Map</b><ul><li>ALL runs along the ventral spine from skull to sacrum and is firmly attached at vertebral body ends but loosely attached at the mid-disc.</li><li>PLL runs along the dorsal vertebral bodies from skull to sacrum, attaching at discs and vertebral body margins.</li><li>Ligamentum flavum is the largest elastic ligament and connects adjacent laminae from C2 to the lumbosacral junction.</li><li>Intertransverse ligaments run between transverse processes; interspinous ligaments run between adjacent spinous processes; supraspinous ligaments run along spinous process tips from C7 to sacrum.</li><li>Ligamentum nuchae extends from the external occipital protuberance to C7 and merges with the supraspinous ligament in the cervical spine.</li></ul><b>&#x26A0;&#xFE0F; Variant / Pitfall</b><ul><li>Transitional lumbosacral bodies occur in up to 25% of normal patients.</li><li>Sacralization ranges from expanded L5 transverse processes articulating with the sacrum to incorporation of L5 into the sacrum.</li><li>Lumbarization describes elevation of S1 above the sacral fusion mass with a lumbar vertebral body shape.</li><li>Sacralization and lumbarization may look similar locally; correct level nomenclature requires evaluation of the entire spinal axis.</li></ul><b>&#x2B50; Super Summary</b><ul><li>Use regional morphology to orient the vertebral level, use ligament course and attachment to map the spinal support structures, and always treat lumbosacral transitional anatomy as a normal variant that can create level-naming errors unless the entire spinal axis is evaluated.</li></ul>	
Sacroiliac anatomy review					Sacral lateral surface and alae			Use the sacral alae as the lateral sacral anchor for sacroiliac articulation.						What normal sacral anatomy articulates with the iliac bone?	The lateral sacral surfaces are formed by costal and transverse processes, and the alae on the sides articulate with the iliac bone.					<div style='border:1px solid #d9d9d9; border-radius:8px; padding:8px; background:#f8f8f8;'><b>&#x1F9ED; Vertebral Body and Ligaments</b><br>RadPrimer normal anatomy overview of vertebral body morphology across spinal regions, sacral and coccygeal segment fusion, major spinal ligaments, and the normal lumbosacral transitional body variant.</div><br><b>&#x1F536; Abbreviations / Acronyms</b><ul><li>ALL = anterior longitudinal ligament.</li><li>PLL = posterior longitudinal ligament.</li></ul><b>&#x1F9E0; Regional Vertebral Body Map</b><ul><li>Vertebral bodies generally increase in size from cervical to lumbar spine, then decrease from sacrum to coccyx.</li><li>C1 atlas has no vertebral body or spinous process and is formed by anterior and posterior arches, lateral masses, and transverse processes.</li><li>C2 axis has a vertebral body with the dens/odontoid process; its transverse processes contain L-shaped foramina for the vertebral arteries.</li><li>C3-C6 share small thin bodies, transverse diameter greater than anteroposterior diameter, triangular central canals, uncinate processes, and transverse foramina for the vertebral arteries.</li><li>C7 is marked by the longest spinous process.</li><li>Thoracic vertebrae have heart-shaped bodies, round central canals, caudodorsally directed spinous processes, and costal articular facets for the ribs.</li><li>Lumbar vertebrae have large, wide, thick bodies with strong pedicles and laminae.</li><li>The sacrum is a triangular fusion of 5 segments; the coccyx is a fusion of 3-5 segments.</li></ul><b>&#x1F4CD; Ligament Map</b><ul><li>ALL runs along the ventral spine from skull to sacrum and is firmly attached at vertebral body ends but loosely attached at the mid-disc.</li><li>PLL runs along the dorsal vertebral bodies from skull to sacrum, attaching at discs and vertebral body margins.</li><li>Ligamentum flavum is the largest elastic ligament and connects adjacent laminae from C2 to the lumbosacral junction.</li><li>Intertransverse ligaments run between transverse processes; interspinous ligaments run between adjacent spinous processes; supraspinous ligaments run along spinous process tips from C7 to sacrum.</li><li>Ligamentum nuchae extends from the external occipital protuberance to C7 and merges with the supraspinous ligament in the cervical spine.</li></ul><b>&#x26A0;&#xFE0F; Variant / Pitfall</b><ul><li>Transitional lumbosacral bodies occur in up to 25% of normal patients.</li><li>Sacralization ranges from expanded L5 transverse processes articulating with the sacrum to incorporation of L5 into the sacrum.</li><li>Lumbarization describes elevation of S1 above the sacral fusion mass with a lumbar vertebral body shape.</li><li>Sacralization and lumbarization may look similar locally; correct level nomenclature requires evaluation of the entire spinal axis.</li></ul><b>&#x2B50; Super Summary</b><ul><li>Use regional morphology to orient the vertebral level, use ligament course and attachment to map the spinal support structures, and always treat lumbosacral transitional anatomy as a normal variant that can create level-naming errors unless the entire spinal axis is evaluated.</li></ul>	
Coccygeal anatomy review					Coccyx			A bifid coccygeal apex may be normal when it matches the described coccygeal morphology.						What is the normal structural map of the coccyx?	The coccyx is a fusion of 3-5 segments. Its anterior surface is concave with transverse ridges, its posterior surface is convex with transverse ridges, and its apex is round, directed caudally, and may be bifid.					<div style='border:1px solid #d9d9d9; border-radius:8px; padding:8px; background:#f8f8f8;'><b>&#x1F9ED; Vertebral Body and Ligaments</b><br>RadPrimer normal anatomy overview of vertebral body morphology across spinal regions, sacral and coccygeal segment fusion, major spinal ligaments, and the normal lumbosacral transitional body variant.</div><br><b>&#x1F536; Abbreviations / Acronyms</b><ul><li>ALL = anterior longitudinal ligament.</li><li>PLL = posterior longitudinal ligament.</li></ul><b>&#x1F9E0; Regional Vertebral Body Map</b><ul><li>Vertebral bodies generally increase in size from cervical to lumbar spine, then decrease from sacrum to coccyx.</li><li>C1 atlas has no vertebral body or spinous process and is formed by anterior and posterior arches, lateral masses, and transverse processes.</li><li>C2 axis has a vertebral body with the dens/odontoid process; its transverse processes contain L-shaped foramina for the vertebral arteries.</li><li>C3-C6 share small thin bodies, transverse diameter greater than anteroposterior diameter, triangular central canals, uncinate processes, and transverse foramina for the vertebral arteries.</li><li>C7 is marked by the longest spinous process.</li><li>Thoracic vertebrae have heart-shaped bodies, round central canals, caudodorsally directed spinous processes, and costal articular facets for the ribs.</li><li>Lumbar vertebrae have large, wide, thick bodies with strong pedicles and laminae.</li><li>The sacrum is a triangular fusion of 5 segments; the coccyx is a fusion of 3-5 segments.</li></ul><b>&#x1F4CD; Ligament Map</b><ul><li>ALL runs along the ventral spine from skull to sacrum and is firmly attached at vertebral body ends but loosely attached at the mid-disc.</li><li>PLL runs along the dorsal vertebral bodies from skull to sacrum, attaching at discs and vertebral body margins.</li><li>Ligamentum flavum is the largest elastic ligament and connects adjacent laminae from C2 to the lumbosacral junction.</li><li>Intertransverse ligaments run between transverse processes; interspinous ligaments run between adjacent spinous processes; supraspinous ligaments run along spinous process tips from C7 to sacrum.</li><li>Ligamentum nuchae extends from the external occipital protuberance to C7 and merges with the supraspinous ligament in the cervical spine.</li></ul><b>&#x26A0;&#xFE0F; Variant / Pitfall</b><ul><li>Transitional lumbosacral bodies occur in up to 25% of normal patients.</li><li>Sacralization ranges from expanded L5 transverse processes articulating with the sacrum to incorporation of L5 into the sacrum.</li><li>Lumbarization describes elevation of S1 above the sacral fusion mass with a lumbar vertebral body shape.</li><li>Sacralization and lumbarization may look similar locally; correct level nomenclature requires evaluation of the entire spinal axis.</li></ul><b>&#x2B50; Super Summary</b><ul><li>Use regional morphology to orient the vertebral level, use ligament course and attachment to map the spinal support structures, and always treat lumbosacral transitional anatomy as a normal variant that can create level-naming errors unless the entire spinal axis is evaluated.</li></ul>	
Anterior spinal ligament review					Anterior longitudinal ligament			Use the ventral vertebral body surface as the ALL anchor, then remember that its fiber layers span progressively more levels from deep to superficial.						What is the course and attachment pattern of the anterior longitudinal ligament?	The ALL is a fibrous band on the ventral surface of the spine from skull to sacrum. It is firmly attached at the ends of each vertebral body and loosely attached at the midsection of the disc. Its deep fibers span 1 disc, intermediate fibers span 2-3 discs, and superficial fibers span 4-5 levels.					<div style='border:1px solid #d9d9d9; border-radius:8px; padding:8px; background:#f8f8f8;'><b>&#x1F9ED; Vertebral Body and Ligaments</b><br>RadPrimer normal anatomy overview of vertebral body morphology across spinal regions, sacral and coccygeal segment fusion, major spinal ligaments, and the normal lumbosacral transitional body variant.</div><br><b>&#x1F536; Abbreviations / Acronyms</b><ul><li>ALL = anterior longitudinal ligament.</li><li>PLL = posterior longitudinal ligament.</li></ul><b>&#x1F9E0; Regional Vertebral Body Map</b><ul><li>Vertebral bodies generally increase in size from cervical to lumbar spine, then decrease from sacrum to coccyx.</li><li>C1 atlas has no vertebral body or spinous process and is formed by anterior and posterior arches, lateral masses, and transverse processes.</li><li>C2 axis has a vertebral body with the dens/odontoid process; its transverse processes contain L-shaped foramina for the vertebral arteries.</li><li>C3-C6 share small thin bodies, transverse diameter greater than anteroposterior diameter, triangular central canals, uncinate processes, and transverse foramina for the vertebral arteries.</li><li>C7 is marked by the longest spinous process.</li><li>Thoracic vertebrae have heart-shaped bodies, round central canals, caudodorsally directed spinous processes, and costal articular facets for the ribs.</li><li>Lumbar vertebrae have large, wide, thick bodies with strong pedicles and laminae.</li><li>The sacrum is a triangular fusion of 5 segments; the coccyx is a fusion of 3-5 segments.</li></ul><b>&#x1F4CD; Ligament Map</b><ul><li>ALL runs along the ventral spine from skull to sacrum and is firmly attached at vertebral body ends but loosely attached at the mid-disc.</li><li>PLL runs along the dorsal vertebral bodies from skull to sacrum, attaching at discs and vertebral body margins.</li><li>Ligamentum flavum is the largest elastic ligament and connects adjacent laminae from C2 to the lumbosacral junction.</li><li>Intertransverse ligaments run between transverse processes; interspinous ligaments run between adjacent spinous processes; supraspinous ligaments run along spinous process tips from C7 to sacrum.</li><li>Ligamentum nuchae extends from the external occipital protuberance to C7 and merges with the supraspinous ligament in the cervical spine.</li></ul><b>&#x26A0;&#xFE0F; Variant / Pitfall</b><ul><li>Transitional lumbosacral bodies occur in up to 25% of normal patients.</li><li>Sacralization ranges from expanded L5 transverse processes articulating with the sacrum to incorporation of L5 into the sacrum.</li><li>Lumbarization describes elevation of S1 above the sacral fusion mass with a lumbar vertebral body shape.</li><li>Sacralization and lumbarization may look similar locally; correct level nomenclature requires evaluation of the entire spinal axis.</li></ul><b>&#x2B50; Super Summary</b><ul><li>Use regional morphology to orient the vertebral level, use ligament course and attachment to map the spinal support structures, and always treat lumbosacral transitional anatomy as a normal variant that can create level-naming errors unless the entire spinal axis is evaluated.</li></ul>	
Posterior vertebral body ligament review					Posterior longitudinal ligament			Use the dorsal vertebral body surface as the PLL anchor; the lumbar PLL changes caliber across body versus disc levels.						What is the course and regional shape pattern of the posterior longitudinal ligament?	The PLL runs on the dorsal surface of vertebral bodies from skull to sacrum and attaches at discs and vertebral body margins. It is broad and uniform in the cervical and thoracic spine, but in the lumbar spine it is narrow at the vertebral body and broad at the disc level.					<div style='border:1px solid #d9d9d9; border-radius:8px; padding:8px; background:#f8f8f8;'><b>&#x1F9ED; Vertebral Body and Ligaments</b><br>RadPrimer normal anatomy overview of vertebral body morphology across spinal regions, sacral and coccygeal segment fusion, major spinal ligaments, and the normal lumbosacral transitional body variant.</div><br><b>&#x1F536; Abbreviations / Acronyms</b><ul><li>ALL = anterior longitudinal ligament.</li><li>PLL = posterior longitudinal ligament.</li></ul><b>&#x1F9E0; Regional Vertebral Body Map</b><ul><li>Vertebral bodies generally increase in size from cervical to lumbar spine, then decrease from sacrum to coccyx.</li><li>C1 atlas has no vertebral body or spinous process and is formed by anterior and posterior arches, lateral masses, and transverse processes.</li><li>C2 axis has a vertebral body with the dens/odontoid process; its transverse processes contain L-shaped foramina for the vertebral arteries.</li><li>C3-C6 share small thin bodies, transverse diameter greater than anteroposterior diameter, triangular central canals, uncinate processes, and transverse foramina for the vertebral arteries.</li><li>C7 is marked by the longest spinous process.</li><li>Thoracic vertebrae have heart-shaped bodies, round central canals, caudodorsally directed spinous processes, and costal articular facets for the ribs.</li><li>Lumbar vertebrae have large, wide, thick bodies with strong pedicles and laminae.</li><li>The sacrum is a triangular fusion of 5 segments; the coccyx is a fusion of 3-5 segments.</li></ul><b>&#x1F4CD; Ligament Map</b><ul><li>ALL runs along the ventral spine from skull to sacrum and is firmly attached at vertebral body ends but loosely attached at the mid-disc.</li><li>PLL runs along the dorsal vertebral bodies from skull to sacrum, attaching at discs and vertebral body margins.</li><li>Ligamentum flavum is the largest elastic ligament and connects adjacent laminae from C2 to the lumbosacral junction.</li><li>Intertransverse ligaments run between transverse processes; interspinous ligaments run between adjacent spinous processes; supraspinous ligaments run along spinous process tips from C7 to sacrum.</li><li>Ligamentum nuchae extends from the external occipital protuberance to C7 and merges with the supraspinous ligament in the cervical spine.</li></ul><b>&#x26A0;&#xFE0F; Variant / Pitfall</b><ul><li>Transitional lumbosacral bodies occur in up to 25% of normal patients.</li><li>Sacralization ranges from expanded L5 transverse processes articulating with the sacrum to incorporation of L5 into the sacrum.</li><li>Lumbarization describes elevation of S1 above the sacral fusion mass with a lumbar vertebral body shape.</li><li>Sacralization and lumbarization may look similar locally; correct level nomenclature requires evaluation of the entire spinal axis.</li></ul><b>&#x2B50; Super Summary</b><ul><li>Use regional morphology to orient the vertebral level, use ligament course and attachment to map the spinal support structures, and always treat lumbosacral transitional anatomy as a normal variant that can create level-naming errors unless the entire spinal axis is evaluated.</li></ul>	
Posterior element ligament review					Ligamentum flavum			Localize ligamentum flavum by the lamina-to-lamina interval rather than by the vertebral body margin.						What is the normal course and regional morphology of the ligamentum flavum?	The ligamentum flavum is the largest elastic ligament in the body. It connects adjacent laminae from C2 to the lumbosacral junction, extends from the apophyseal joint capsule to the junction of the lamina with the spinous process, is thin and broad in the cervical region, and is thicker in the lumbar region.					<div style='border:1px solid #d9d9d9; border-radius:8px; padding:8px; background:#f8f8f8;'><b>&#x1F9ED; Vertebral Body and Ligaments</b><br>RadPrimer normal anatomy overview of vertebral body morphology across spinal regions, sacral and coccygeal segment fusion, major spinal ligaments, and the normal lumbosacral transitional body variant.</div><br><b>&#x1F536; Abbreviations / Acronyms</b><ul><li>ALL = anterior longitudinal ligament.</li><li>PLL = posterior longitudinal ligament.</li></ul><b>&#x1F9E0; Regional Vertebral Body Map</b><ul><li>Vertebral bodies generally increase in size from cervical to lumbar spine, then decrease from sacrum to coccyx.</li><li>C1 atlas has no vertebral body or spinous process and is formed by anterior and posterior arches, lateral masses, and transverse processes.</li><li>C2 axis has a vertebral body with the dens/odontoid process; its transverse processes contain L-shaped foramina for the vertebral arteries.</li><li>C3-C6 share small thin bodies, transverse diameter greater than anteroposterior diameter, triangular central canals, uncinate processes, and transverse foramina for the vertebral arteries.</li><li>C7 is marked by the longest spinous process.</li><li>Thoracic vertebrae have heart-shaped bodies, round central canals, caudodorsally directed spinous processes, and costal articular facets for the ribs.</li><li>Lumbar vertebrae have large, wide, thick bodies with strong pedicles and laminae.</li><li>The sacrum is a triangular fusion of 5 segments; the coccyx is a fusion of 3-5 segments.</li></ul><b>&#x1F4CD; Ligament Map</b><ul><li>ALL runs along the ventral spine from skull to sacrum and is firmly attached at vertebral body ends but loosely attached at the mid-disc.</li><li>PLL runs along the dorsal vertebral bodies from skull to sacrum, attaching at discs and vertebral body margins.</li><li>Ligamentum flavum is the largest elastic ligament and connects adjacent laminae from C2 to the lumbosacral junction.</li><li>Intertransverse ligaments run between transverse processes; interspinous ligaments run between adjacent spinous processes; supraspinous ligaments run along spinous process tips from C7 to sacrum.</li><li>Ligamentum nuchae extends from the external occipital protuberance to C7 and merges with the supraspinous ligament in the cervical spine.</li></ul><b>&#x26A0;&#xFE0F; Variant / Pitfall</b><ul><li>Transitional lumbosacral bodies occur in up to 25% of normal patients.</li><li>Sacralization ranges from expanded L5 transverse processes articulating with the sacrum to incorporation of L5 into the sacrum.</li><li>Lumbarization describes elevation of S1 above the sacral fusion mass with a lumbar vertebral body shape.</li><li>Sacralization and lumbarization may look similar locally; correct level nomenclature requires evaluation of the entire spinal axis.</li></ul><b>&#x2B50; Super Summary</b><ul><li>Use regional morphology to orient the vertebral level, use ligament course and attachment to map the spinal support structures, and always treat lumbosacral transitional anatomy as a normal variant that can create level-naming errors unless the entire spinal axis is evaluated.</li></ul>	
Spinal posterior ligament review					Posterior ligament complex map			This is a layer-style posterior ligament map: ligamentum flavum deep at the laminae, interspinous between spinous processes, supraspinous along spinous process tips.						How should the interspinous and supraspinous ligaments be placed relative to the ligamentum flavum?	The interspinous ligaments connect adjoining spinous processes and lie between the ligamentum flavum and supraspinous ligaments. The supraspinous ligaments extend from the tips of spinous processes from C7 to sacrum and fuse with the dorsal margin of the interspinous ligament.					<div style='border:1px solid #d9d9d9; border-radius:8px; padding:8px; background:#f8f8f8;'><b>&#x1F9ED; Vertebral Body and Ligaments</b><br>RadPrimer normal anatomy overview of vertebral body morphology across spinal regions, sacral and coccygeal segment fusion, major spinal ligaments, and the normal lumbosacral transitional body variant.</div><br><b>&#x1F536; Abbreviations / Acronyms</b><ul><li>ALL = anterior longitudinal ligament.</li><li>PLL = posterior longitudinal ligament.</li></ul><b>&#x1F9E0; Regional Vertebral Body Map</b><ul><li>Vertebral bodies generally increase in size from cervical to lumbar spine, then decrease from sacrum to coccyx.</li><li>C1 atlas has no vertebral body or spinous process and is formed by anterior and posterior arches, lateral masses, and transverse processes.</li><li>C2 axis has a vertebral body with the dens/odontoid process; its transverse processes contain L-shaped foramina for the vertebral arteries.</li><li>C3-C6 share small thin bodies, transverse diameter greater than anteroposterior diameter, triangular central canals, uncinate processes, and transverse foramina for the vertebral arteries.</li><li>C7 is marked by the longest spinous process.</li><li>Thoracic vertebrae have heart-shaped bodies, round central canals, caudodorsally directed spinous processes, and costal articular facets for the ribs.</li><li>Lumbar vertebrae have large, wide, thick bodies with strong pedicles and laminae.</li><li>The sacrum is a triangular fusion of 5 segments; the coccyx is a fusion of 3-5 segments.</li></ul><b>&#x1F4CD; Ligament Map</b><ul><li>ALL runs along the ventral spine from skull to sacrum and is firmly attached at vertebral body ends but loosely attached at the mid-disc.</li><li>PLL runs along the dorsal vertebral bodies from skull to sacrum, attaching at discs and vertebral body margins.</li><li>Ligamentum flavum is the largest elastic ligament and connects adjacent laminae from C2 to the lumbosacral junction.</li><li>Intertransverse ligaments run between transverse processes; interspinous ligaments run between adjacent spinous processes; supraspinous ligaments run along spinous process tips from C7 to sacrum.</li><li>Ligamentum nuchae extends from the external occipital protuberance to C7 and merges with the supraspinous ligament in the cervical spine.</li></ul><b>&#x26A0;&#xFE0F; Variant / Pitfall</b><ul><li>Transitional lumbosacral bodies occur in up to 25% of normal patients.</li><li>Sacralization ranges from expanded L5 transverse processes articulating with the sacrum to incorporation of L5 into the sacrum.</li><li>Lumbarization describes elevation of S1 above the sacral fusion mass with a lumbar vertebral body shape.</li><li>Sacralization and lumbarization may look similar locally; correct level nomenclature requires evaluation of the entire spinal axis.</li></ul><b>&#x2B50; Super Summary</b><ul><li>Use regional morphology to orient the vertebral level, use ligament course and attachment to map the spinal support structures, and always treat lumbosacral transitional anatomy as a normal variant that can create level-naming errors unless the entire spinal axis is evaluated.</li></ul>	
Spinal ligament regional review					Intertransverse and interspinous ligaments			Use this as a regional ligament expectation rather than expecting identical ligament prominence at every spinal level.						What regional strength pattern is described for the intertransverse and interspinous ligaments?	Intertransverse ligaments extend between transverse processes; they are sparse or absent in the cervical spine and stronger in the thoracic spine where associated with muscles. Interspinous ligaments connect adjoining spinous processes and are strongest in the lumbar spine.					<div style='border:1px solid #d9d9d9; border-radius:8px; padding:8px; background:#f8f8f8;'><b>&#x1F9ED; Vertebral Body and Ligaments</b><br>RadPrimer normal anatomy overview of vertebral body morphology across spinal regions, sacral and coccygeal segment fusion, major spinal ligaments, and the normal lumbosacral transitional body variant.</div><br><b>&#x1F536; Abbreviations / Acronyms</b><ul><li>ALL = anterior longitudinal ligament.</li><li>PLL = posterior longitudinal ligament.</li></ul><b>&#x1F9E0; Regional Vertebral Body Map</b><ul><li>Vertebral bodies generally increase in size from cervical to lumbar spine, then decrease from sacrum to coccyx.</li><li>C1 atlas has no vertebral body or spinous process and is formed by anterior and posterior arches, lateral masses, and transverse processes.</li><li>C2 axis has a vertebral body with the dens/odontoid process; its transverse processes contain L-shaped foramina for the vertebral arteries.</li><li>C3-C6 share small thin bodies, transverse diameter greater than anteroposterior diameter, triangular central canals, uncinate processes, and transverse foramina for the vertebral arteries.</li><li>C7 is marked by the longest spinous process.</li><li>Thoracic vertebrae have heart-shaped bodies, round central canals, caudodorsally directed spinous processes, and costal articular facets for the ribs.</li><li>Lumbar vertebrae have large, wide, thick bodies with strong pedicles and laminae.</li><li>The sacrum is a triangular fusion of 5 segments; the coccyx is a fusion of 3-5 segments.</li></ul><b>&#x1F4CD; Ligament Map</b><ul><li>ALL runs along the ventral spine from skull to sacrum and is firmly attached at vertebral body ends but loosely attached at the mid-disc.</li><li>PLL runs along the dorsal vertebral bodies from skull to sacrum, attaching at discs and vertebral body margins.</li><li>Ligamentum flavum is the largest elastic ligament and connects adjacent laminae from C2 to the lumbosacral junction.</li><li>Intertransverse ligaments run between transverse processes; interspinous ligaments run between adjacent spinous processes; supraspinous ligaments run along spinous process tips from C7 to sacrum.</li><li>Ligamentum nuchae extends from the external occipital protuberance to C7 and merges with the supraspinous ligament in the cervical spine.</li></ul><b>&#x26A0;&#xFE0F; Variant / Pitfall</b><ul><li>Transitional lumbosacral bodies occur in up to 25% of normal patients.</li><li>Sacralization ranges from expanded L5 transverse processes articulating with the sacrum to incorporation of L5 into the sacrum.</li><li>Lumbarization describes elevation of S1 above the sacral fusion mass with a lumbar vertebral body shape.</li><li>Sacralization and lumbarization may look similar locally; correct level nomenclature requires evaluation of the entire spinal axis.</li></ul><b>&#x2B50; Super Summary</b><ul><li>Use regional morphology to orient the vertebral level, use ligament course and attachment to map the spinal support structures, and always treat lumbosacral transitional anatomy as a normal variant that can create level-naming errors unless the entire spinal axis is evaluated.</li></ul>	
Craniocervical ligament review					Ligamentum nuchae			Use C7 as the transition point between the cervical ligamentum nuchae and the caudal supraspinous ligament.						What is the normal relationship between the supraspinous ligament and ligamentum nuchae?	The supraspinous ligament extends from C7 to the sacrum and merges with the ligamentum nuchae in the cervical spine. The ligamentum nuchae extends from the external occipital protuberance to C7.					<div style='border:1px solid #d9d9d9; border-radius:8px; padding:8px; background:#f8f8f8;'><b>&#x1F9ED; Vertebral Body and Ligaments</b><br>RadPrimer normal anatomy overview of vertebral body morphology across spinal regions, sacral and coccygeal segment fusion, major spinal ligaments, and the normal lumbosacral transitional body variant.</div><br><b>&#x1F536; Abbreviations / Acronyms</b><ul><li>ALL = anterior longitudinal ligament.</li><li>PLL = posterior longitudinal ligament.</li></ul><b>&#x1F9E0; Regional Vertebral Body Map</b><ul><li>Vertebral bodies generally increase in size from cervical to lumbar spine, then decrease from sacrum to coccyx.</li><li>C1 atlas has no vertebral body or spinous process and is formed by anterior and posterior arches, lateral masses, and transverse processes.</li><li>C2 axis has a vertebral body with the dens/odontoid process; its transverse processes contain L-shaped foramina for the vertebral arteries.</li><li>C3-C6 share small thin bodies, transverse diameter greater than anteroposterior diameter, triangular central canals, uncinate processes, and transverse foramina for the vertebral arteries.</li><li>C7 is marked by the longest spinous process.</li><li>Thoracic vertebrae have heart-shaped bodies, round central canals, caudodorsally directed spinous processes, and costal articular facets for the ribs.</li><li>Lumbar vertebrae have large, wide, thick bodies with strong pedicles and laminae.</li><li>The sacrum is a triangular fusion of 5 segments; the coccyx is a fusion of 3-5 segments.</li></ul><b>&#x1F4CD; Ligament Map</b><ul><li>ALL runs along the ventral spine from skull to sacrum and is firmly attached at vertebral body ends but loosely attached at the mid-disc.</li><li>PLL runs along the dorsal vertebral bodies from skull to sacrum, attaching at discs and vertebral body margins.</li><li>Ligamentum flavum is the largest elastic ligament and connects adjacent laminae from C2 to the lumbosacral junction.</li><li>Intertransverse ligaments run between transverse processes; interspinous ligaments run between adjacent spinous processes; supraspinous ligaments run along spinous process tips from C7 to sacrum.</li><li>Ligamentum nuchae extends from the external occipital protuberance to C7 and merges with the supraspinous ligament in the cervical spine.</li></ul><b>&#x26A0;&#xFE0F; Variant / Pitfall</b><ul><li>Transitional lumbosacral bodies occur in up to 25% of normal patients.</li><li>Sacralization ranges from expanded L5 transverse processes articulating with the sacrum to incorporation of L5 into the sacrum.</li><li>Lumbarization describes elevation of S1 above the sacral fusion mass with a lumbar vertebral body shape.</li><li>Sacralization and lumbarization may look similar locally; correct level nomenclature requires evaluation of the entire spinal axis.</li></ul><b>&#x2B50; Super Summary</b><ul><li>Use regional morphology to orient the vertebral level, use ligament course and attachment to map the spinal support structures, and always treat lumbosacral transitional anatomy as a normal variant that can create level-naming errors unless the entire spinal axis is evaluated.</li></ul>	
Lumbosacral variant review					Transitional lumbosacral body			These are normal variants that can alter apparent lumbosacral segmentation.						What normal lumbosacral transitional body variants are described?	Transitional lumbosacral bodies occur in up to 25% of normal patients. Sacralization of a lumbar body ranges from expanded L5 transverse processes articulating with the top of the sacrum to incorporation of L5 into the sacrum. Lumbarization of the sacrum describes elevation of S1 above the sacral fusion mass with an assumed lumbar body shape.					<div style='border:1px solid #d9d9d9; border-radius:8px; padding:8px; background:#f8f8f8;'><b>&#x1F9ED; Vertebral Body and Ligaments</b><br>RadPrimer normal anatomy overview of vertebral body morphology across spinal regions, sacral and coccygeal segment fusion, major spinal ligaments, and the normal lumbosacral transitional body variant.</div><br><b>&#x1F536; Abbreviations / Acronyms</b><ul><li>ALL = anterior longitudinal ligament.</li><li>PLL = posterior longitudinal ligament.</li></ul><b>&#x1F9E0; Regional Vertebral Body Map</b><ul><li>Vertebral bodies generally increase in size from cervical to lumbar spine, then decrease from sacrum to coccyx.</li><li>C1 atlas has no vertebral body or spinous process and is formed by anterior and posterior arches, lateral masses, and transverse processes.</li><li>C2 axis has a vertebral body with the dens/odontoid process; its transverse processes contain L-shaped foramina for the vertebral arteries.</li><li>C3-C6 share small thin bodies, transverse diameter greater than anteroposterior diameter, triangular central canals, uncinate processes, and transverse foramina for the vertebral arteries.</li><li>C7 is marked by the longest spinous process.</li><li>Thoracic vertebrae have heart-shaped bodies, round central canals, caudodorsally directed spinous processes, and costal articular facets for the ribs.</li><li>Lumbar vertebrae have large, wide, thick bodies with strong pedicles and laminae.</li><li>The sacrum is a triangular fusion of 5 segments; the coccyx is a fusion of 3-5 segments.</li></ul><b>&#x1F4CD; Ligament Map</b><ul><li>ALL runs along the ventral spine from skull to sacrum and is firmly attached at vertebral body ends but loosely attached at the mid-disc.</li><li>PLL runs along the dorsal vertebral bodies from skull to sacrum, attaching at discs and vertebral body margins.</li><li>Ligamentum flavum is the largest elastic ligament and connects adjacent laminae from C2 to the lumbosacral junction.</li><li>Intertransverse ligaments run between transverse processes; interspinous ligaments run between adjacent spinous processes; supraspinous ligaments run along spinous process tips from C7 to sacrum.</li><li>Ligamentum nuchae extends from the external occipital protuberance to C7 and merges with the supraspinous ligament in the cervical spine.</li></ul><b>&#x26A0;&#xFE0F; Variant / Pitfall</b><ul><li>Transitional lumbosacral bodies occur in up to 25% of normal patients.</li><li>Sacralization ranges from expanded L5 transverse processes articulating with the sacrum to incorporation of L5 into the sacrum.</li><li>Lumbarization describes elevation of S1 above the sacral fusion mass with a lumbar vertebral body shape.</li><li>Sacralization and lumbarization may look similar locally; correct level nomenclature requires evaluation of the entire spinal axis.</li></ul><b>&#x2B50; Super Summary</b><ul><li>Use regional morphology to orient the vertebral level, use ligament course and attachment to map the spinal support structures, and always treat lumbosacral transitional anatomy as a normal variant that can create level-naming errors unless the entire spinal axis is evaluated.</li></ul>	
Lumbosacral level-numbering review					Transitional lumbosacral body level-naming pitfall			Do not rely on the local lumbosacral appearance alone when transitional anatomy is present; whole-spine enumeration is needed to prevent wrong-level labeling.				What is the key level-naming trap with sacralization and lumbarization?	Sacralization and lumbarization may look similar in appearance. The safe move is to evaluate the entire spinal axis to define the anatomy and assign correct level nomenclature.							<div style='border:1px solid #d9d9d9; border-radius:8px; padding:8px; background:#f8f8f8;'><b>&#x1F9ED; Vertebral Body and Ligaments</b><br>RadPrimer normal anatomy overview of vertebral body morphology across spinal regions, sacral and coccygeal segment fusion, major spinal ligaments, and the normal lumbosacral transitional body variant.</div><br><b>&#x1F536; Abbreviations / Acronyms</b><ul><li>ALL = anterior longitudinal ligament.</li><li>PLL = posterior longitudinal ligament.</li></ul><b>&#x1F9E0; Regional Vertebral Body Map</b><ul><li>Vertebral bodies generally increase in size from cervical to lumbar spine, then decrease from sacrum to coccyx.</li><li>C1 atlas has no vertebral body or spinous process and is formed by anterior and posterior arches, lateral masses, and transverse processes.</li><li>C2 axis has a vertebral body with the dens/odontoid process; its transverse processes contain L-shaped foramina for the vertebral arteries.</li><li>C3-C6 share small thin bodies, transverse diameter greater than anteroposterior diameter, triangular central canals, uncinate processes, and transverse foramina for the vertebral arteries.</li><li>C7 is marked by the longest spinous process.</li><li>Thoracic vertebrae have heart-shaped bodies, round central canals, caudodorsally directed spinous processes, and costal articular facets for the ribs.</li><li>Lumbar vertebrae have large, wide, thick bodies with strong pedicles and laminae.</li><li>The sacrum is a triangular fusion of 5 segments; the coccyx is a fusion of 3-5 segments.</li></ul><b>&#x1F4CD; Ligament Map</b><ul><li>ALL runs along the ventral spine from skull to sacrum and is firmly attached at vertebral body ends but loosely attached at the mid-disc.</li><li>PLL runs along the dorsal vertebral bodies from skull to sacrum, attaching at discs and vertebral body margins.</li><li>Ligamentum flavum is the largest elastic ligament and connects adjacent laminae from C2 to the lumbosacral junction.</li><li>Intertransverse ligaments run between transverse processes; interspinous ligaments run between adjacent spinous processes; supraspinous ligaments run along spinous process tips from C7 to sacrum.</li><li>Ligamentum nuchae extends from the external occipital protuberance to C7 and merges with the supraspinous ligament in the cervical spine.</li></ul><b>&#x26A0;&#xFE0F; Variant / Pitfall</b><ul><li>Transitional lumbosacral bodies occur in up to 25% of normal patients.</li><li>Sacralization ranges from expanded L5 transverse processes articulating with the sacrum to incorporation of L5 into the sacrum.</li><li>Lumbarization describes elevation of S1 above the sacral fusion mass with a lumbar vertebral body shape.</li><li>Sacralization and lumbarization may look similar locally; correct level nomenclature requires evaluation of the entire spinal axis.</li></ul><b>&#x2B50; Super Summary</b><ul><li>Use regional morphology to orient the vertebral level, use ligament course and attachment to map the spinal support structures, and always treat lumbosacral transitional anatomy as a normal variant that can create level-naming errors unless the entire spinal axis is evaluated.</li></ul>	
Regional spine morphology synthesis					Vertebral region identification framework			This is a compact morphology-first regional identification framework derived from the article's normal anatomic descriptors.						Which morphology anchors should be used to separate cervical, thoracic, lumbar, sacral, and coccygeal vertebral regions?	Cervical: transverse foramina, triangular central canal, uncinate processes, and small thin bodies. Thoracic: heart-shaped bodies, round canal, caudodorsal spinous processes, and rib costal facets. Lumbar: large thick bodies with robust pedicles and laminae. Sacrum: triangular fusion of 5 segments with alae and sacral foramina. Coccyx: fusion of 3-5 small segments with a caudally directed apex.					<div style='border:1px solid #d9d9d9; border-radius:8px; padding:8px; background:#f8f8f8;'><b>&#x1F9ED; Vertebral Body and Ligaments</b><br>RadPrimer normal anatomy overview of vertebral body morphology across spinal regions, sacral and coccygeal segment fusion, major spinal ligaments, and the normal lumbosacral transitional body variant.</div><br><b>&#x1F536; Abbreviations / Acronyms</b><ul><li>ALL = anterior longitudinal ligament.</li><li>PLL = posterior longitudinal ligament.</li></ul><b>&#x1F9E0; Regional Vertebral Body Map</b><ul><li>Vertebral bodies generally increase in size from cervical to lumbar spine, then decrease from sacrum to coccyx.</li><li>C1 atlas has no vertebral body or spinous process and is formed by anterior and posterior arches, lateral masses, and transverse processes.</li><li>C2 axis has a vertebral body with the dens/odontoid process; its transverse processes contain L-shaped foramina for the vertebral arteries.</li><li>C3-C6 share small thin bodies, transverse diameter greater than anteroposterior diameter, triangular central canals, uncinate processes, and transverse foramina for the vertebral arteries.</li><li>C7 is marked by the longest spinous process.</li><li>Thoracic vertebrae have heart-shaped bodies, round central canals, caudodorsally directed spinous processes, and costal articular facets for the ribs.</li><li>Lumbar vertebrae have large, wide, thick bodies with strong pedicles and laminae.</li><li>The sacrum is a triangular fusion of 5 segments; the coccyx is a fusion of 3-5 segments.</li></ul><b>&#x1F4CD; Ligament Map</b><ul><li>ALL runs along the ventral spine from skull to sacrum and is firmly attached at vertebral body ends but loosely attached at the mid-disc.</li><li>PLL runs along the dorsal vertebral bodies from skull to sacrum, attaching at discs and vertebral body margins.</li><li>Ligamentum flavum is the largest elastic ligament and connects adjacent laminae from C2 to the lumbosacral junction.</li><li>Intertransverse ligaments run between transverse processes; interspinous ligaments run between adjacent spinous processes; supraspinous ligaments run along spinous process tips from C7 to sacrum.</li><li>Ligamentum nuchae extends from the external occipital protuberance to C7 and merges with the supraspinous ligament in the cervical spine.</li></ul><b>&#x26A0;&#xFE0F; Variant / Pitfall</b><ul><li>Transitional lumbosacral bodies occur in up to 25% of normal patients.</li><li>Sacralization ranges from expanded L5 transverse processes articulating with the sacrum to incorporation of L5 into the sacrum.</li><li>Lumbarization describes elevation of S1 above the sacral fusion mass with a lumbar vertebral body shape.</li><li>Sacralization and lumbarization may look similar locally; correct level nomenclature requires evaluation of the entire spinal axis.</li></ul><b>&#x2B50; Super Summary</b><ul><li>Use regional morphology to orient the vertebral level, use ligament course and attachment to map the spinal support structures, and always treat lumbosacral transitional anatomy as a normal variant that can create level-naming errors unless the entire spinal axis is evaluated.</li></ul>	
